time,x,y,computation_time_ms
1747634874.9131815,0.5398578187452882,0.0793779138813267,4.877567291259766
1747634874.9716434,0.6468584113766674,0.10294885749089358,14.138460159301758
1747634875.0057988,0.7676557936630856,0.12572107011540426,7.179975509643555
1747634875.0396724,0.8344730385729896,0.11991667770778223,9.15980339050293
1747634875.0624888,0.8970061804008481,0.12305980144624178,3.5719871520996094
1747634875.106202,0.9758526593643759,0.1268383507207817,12.421131134033203
1747634875.1397057,1.0640284014347952,0.12765369215079433,6.463766098022461
1747634875.1783996,1.1113007609640086,0.12631834830093253,12.603759765625
1747634875.2148232,1.1738699980812397,0.11479304859028171,13.661623001098633
1747634875.2491608,1.254246875509884,0.10926645955712012,7.32111930847168
1747634875.2764528,1.3292277777208779,0.1012604404862173,4.517316818237305
1747634875.317745,1.3651613006009247,0.09272782811737926,15.505313873291016
1747634875.3374162,1.4223826482732989,0.08242304930360655,6.605386734008789
1747634875.360983,1.4730581965838503,0.06931047333931258,4.490375518798828
1747634875.3877168,1.4971147179583129,0.06304403046160602,6.768226623535156
1747634875.4123297,1.5139342537199671,0.06043087546410336,13.257741928100586
1747634875.440031,1.5752520861744745,0.04581413121182862,3.432035446166992
1747634875.475176,1.6155639013845349,0.03029655240932983,10.467767715454102
1747634875.4964309,1.6352431607521791,0.02060381290112592,4.695415496826172
1747634875.5241733,1.6894655913267582,0.003205759783148213,4.193305969238281
1747634875.5422928,1.7014004459260985,0.0013492418056412561,6.181001663208008
1747634875.5807602,1.7584231519869418,-0.018766471821784914,4.541873931884766
1747634875.6020045,1.7895247246872972,-0.028987527733334816,5.676031112670898
1747634875.640827,1.8269956891982233,-0.04790932432345117,13.58485221862793
1747634875.659894,1.8534655533918052,-0.062164271016550025,4.374980926513672
1747634875.7014592,1.9010518632678235,-0.08313788380236074,8.610010147094727
1747634875.7284772,1.9340511727876515,-0.09688448055898417,12.913703918457031
1747634875.7608123,1.977963869715159,-0.11745319443198353,11.463642120361328
1747634875.7893865,2.013607500266268,-0.14463228527395985,6.32476806640625
1747634875.8253095,2.0441109236014023,-0.16039123064200497,11.944770812988281
1747634876.0086172,2.2282189311128158,-0.3077930884255551,22.504568099975586
1747634876.0711381,2.2918580660278236,-0.35767088650850565,12.906789779663086
1747634876.104715,2.3184205549872705,-0.39365645006840516,13.198614120483398
1747634876.137011,2.3472582424101702,-0.41352822869044403,19.030332565307617
1747634876.1881008,2.4231570342450466,-0.49560314760339813,10.921478271484375
1747634876.2263649,2.4623493424483986,-0.5576398390631365,7.339000701904297
1747634876.277811,2.5195105859429208,-0.6342527390410669,10.869264602661133
1747634876.3051472,2.5461004331107002,-0.6743355309218151,9.171724319458008
1747634876.3245444,2.5728247345443327,-0.7317261622077511,5.590200424194336
1747634876.3469276,2.579076158130741,-0.7447320175363551,7.164716720581055
1747634876.3816023,2.6008502831884677,-0.7844066031361782,19.738435745239258
1747634876.4283578,2.6408889417531776,-0.8761826695217422,12.408018112182617
1747634876.4724247,2.674200220461659,-0.9366515735756171,11.433601379394531
1747634876.5129292,2.7023446332509042,-0.9958446688344379,12.511730194091797
1747634876.5570884,2.711832895215844,-1.0256180945707565,26.613712310791016
1747634876.5927906,2.729246522476186,-1.1022993142785087,10.250329971313477
1747634876.6287775,2.7346787838563826,-1.1593810224609082,14.542818069458008
1747634876.6541061,2.750433205904424,-1.2029997461231912,9.764909744262695
1747634876.699005,2.7579586721733205,-1.2915813227283817,9.187698364257812
1747634876.7412708,2.7588470779855636,-1.3530231400374908,14.091730117797852
1747634876.79443,2.770910927238534,-1.437001273772398,11.906147003173828
1747634876.860678,2.7752577967481686,-1.546941836614037,12.212753295898438
1747634876.8988352,2.7737145394339415,-1.631281108526451,9.245872497558594
1747634876.9408314,2.778757536537405,-1.691062187982808,5.362272262573242
1747634876.9628947,2.776899568459611,-1.7415588093364984,4.448890686035156
1747634877.000152,2.7680211047612966,-1.7946781195608803,5.878210067749023
1747634877.0206249,2.774673539525981,-1.8099295698286422,8.775472640991211
1747634877.0515702,2.7811571600874903,-1.8477192965273563,11.063337326049805
1747634877.0660024,2.7759762887867403,-1.891856400769458,3.8521289825439453
1747634877.0885985,2.775790259543033,-1.9155876281806572,9.793519973754883
1747634877.1187947,2.773122474994458,-1.9908481802649218,4.255056381225586
1747634877.153206,2.771859661922555,-2.03757984127704,4.273176193237305
1747634877.1776063,2.7775027305534157,-2.0909374893804635,3.676176071166992
1747634877.206968,2.7761198344817624,-2.1077476511279976,10.222196578979492
1747634877.224673,2.7785393252176798,-2.144554330611177,4.210233688354492
1747634877.246394,2.7780216927109582,-2.1879173078046876,5.671501159667969
1747634877.2850447,2.7782820092626577,-2.2380433115306584,8.161067962646484
1747634877.3117938,2.782266537844034,-2.289374761739423,4.166841506958008
1747634877.3503351,2.7894105123290287,-2.3514823231127684,8.32223892211914
1747634877.378272,2.7807099915683233,-2.398977069714158,4.72259521484375
1747634877.4155302,2.789175471092325,-2.471916902754917,5.385637283325195
1747634877.4774055,2.7959477072815844,-2.548846291395504,14.281272888183594
1747634877.499777,2.797221261747259,-2.6038399864570736,4.7550201416015625
1747634877.5191627,2.8065841524378494,-2.6345120943559883,5.332469940185547
1747634877.5409927,2.8104824796652577,-2.6910037806794214,6.104469299316406
1747634877.5724018,2.8157369994896837,-2.741041331112058,4.997014999389648
1747634877.609224,2.8248759103852312,-2.796108548278222,12.126684188842773
1747634877.6376305,2.836956332258478,-2.874380776349835,9.200811386108398
1747634877.6683087,2.8630522423486373,-2.981608890044219,4.128217697143555
1747634877.7104394,2.8786492358462468,-3.036923483688248,17.551183700561523
1747634877.7541635,2.91105231845445,-3.172103950071615,7.777690887451172
1747634877.807709,2.948729704727395,-3.3269401833033014,12.524843215942383
1747634877.8617268,2.979221359516803,-3.438601825545044,19.236087799072266
1747634877.9078069,3.028725973520996,-3.5713389188217364,10.455608367919922
1747634877.9374452,3.051825959962227,-3.6574514635596707,3.8290023803710938
1747634877.9592009,3.076058027068403,-3.711369877293157,6.577014923095703
1747634878.0021641,3.106402617911148,-3.7893402554546864,6.967306137084961
1747634878.0413554,3.157097826239536,-3.8988875528532545,5.209207534790039
1747634878.0816298,3.184687775739553,-3.972618155219548,7.568836212158203
1747634878.1161516,3.2196979793738594,-4.04166436179178,15.772581100463867
1747634878.1413531,3.252035399576732,-4.1330466297916075,3.7190914154052734
1747634878.1915832,3.2809999574947804,-4.2204517096940455,10.893821716308594
1747634878.2286477,3.318546142449221,-4.3083802795265855,9.526968002319336
1747634878.2759356,3.344367627103804,-4.391760256629809,23.4220027923584
1747634878.3053708,3.3817676038236653,-4.487888523652594,3.9713382720947266
1747634878.3459015,3.392130469002992,-4.523673292815356,14.957427978515625
1747634878.377098,3.4143414423000173,-4.605882120835249,4.366636276245117
1747634878.4169495,3.4367141278069218,-4.689198115300596,8.093118667602539
1747634878.436337,3.4530642018891617,-4.730672352746363,4.848003387451172
1747634878.452658,3.4575595724051778,-4.769083227899939,3.8805007934570312
1747634878.4823434,3.465357719953941,-4.82869793231873,6.542444229125977
1747634878.5099401,3.481590784367982,-4.88494494223832,5.472421646118164
1747634878.5376465,3.485611828118038,-4.897811712182059,5.738735198974609
1747634878.5741706,3.4881226738532645,-4.966196232687776,3.9887428283691406
1747634878.6083198,3.491961609696084,-5.0132469083178375,8.479833602905273
1747634878.6417544,3.5075801943354077,-5.078435016329376,9.92727279663086
1747634878.6741548,3.497035140066772,-5.146480135511998,3.948211669921875
1747634878.7066348,3.5045750095932138,-5.204166391608925,8.018970489501953
1747634878.7263029,3.4969204590996052,-5.229714412902002,4.111289978027344
1747634878.7605453,3.50269766999908,-5.2681144883725155,17.16446876525879
1747634878.780508,3.4914636870916547,-5.331611625871287,5.513906478881836
1747634878.839804,3.4937897819705714,-5.383163380231444,13.14234733581543
1747634878.861804,3.4888709424160735,-5.44032605983728,6.8149566650390625
1747634878.909084,3.4892962870935045,-5.4778946333531975,16.143083572387695
1747634878.9334245,3.4852128787598797,-5.528407580079156,5.677938461303711
1747634878.9917781,3.459127355633578,-5.605632050053987,17.368316650390625
1747634879.0262258,3.4357018775747883,-5.671722685857033,6.196260452270508
1747634879.0705729,3.414000436169199,-5.7312680991469795,5.79380989074707
1747634879.1118815,3.401292291763446,-5.758514895659837,13.592004776000977
1747634879.145805,3.389650630337663,-5.807926844321334,14.033079147338867
1747634879.1761224,3.355186217082524,-5.860632818402951,5.003929138183594
1747634879.243164,3.30570594800323,-5.949256955185034,14.104843139648438
1747634879.2830172,3.2623326337084926,-6.0068788330020535,6.982564926147461
1747634879.3270843,3.221859111589294,-6.055493718005698,14.451026916503906
1747634879.3630748,3.1771581449637236,-6.113258463336576,15.747308731079102
1747634879.4108427,3.095888114138734,-6.1877155353681585,9.829998016357422
1747634879.4595704,3.0449919434142467,-6.228029528119336,12.468099594116211
1747634879.4919503,2.990418636896531,-6.274850566015085,14.200448989868164
1747634879.5392213,2.917388764938335,-6.3290375905939165,10.161876678466797
1747634879.5758197,2.855277106113756,-6.371169598595056,13.410806655883789
1747634879.6256719,2.7880839439513414,-6.417327248418384,9.470462799072266
1747634879.6770716,2.718684147720236,-6.451946482916977,14.102697372436523
1747634879.7289896,2.6458872153030417,-6.484575072743658,11.220216751098633
1747634879.7480645,2.577616641517557,-6.5126266924501275,4.36854362487793
1747634879.771898,2.5282320722916585,-6.533357046324421,4.029989242553711
1747634879.8075755,2.4990664952946657,-6.549031728411147,11.745214462280273
1747634879.827535,2.4292382578375067,-6.569892164905008,6.6375732421875
1747634879.8597202,2.3869588977037224,-6.585294553510151,17.232179641723633
1747634879.8809583,2.319495322872182,-6.601928747130046,5.869150161743164
1747634879.941341,2.2365360203683013,-6.627442315322981,18.424510955810547
1747634879.9770818,2.1328279548277798,-6.6461116499839035,14.726400375366211
1747634880.0202844,2.0585254099809185,-6.660626605323324,19.65022087097168
1747634880.0630126,1.9008060329210708,-6.6802056816676805,12.956857681274414
1747634880.1029124,1.8209994571168817,-6.689907134323954,10.441064834594727
1747634880.1463857,1.782279976588934,-6.6931173090837,17.732858657836914
1747634880.1899612,1.689113210763549,-6.692957779354896,20.971059799194336
1747634880.2262611,1.6002607958421589,-6.6907589568452375,9.54437255859375
1747634880.2543979,1.547801624491339,-6.6865434148150795,7.342815399169922
1747634880.2722201,1.497684358807304,-6.683022378358464,3.714323043823242
1747634880.2905147,1.4490855776756721,-6.68523662328119,4.995822906494141
1747634880.307461,1.4277916421151164,-6.678824481549856,4.356861114501953
1747634880.3279696,1.3886238518152492,-6.666373637760559,4.484415054321289
1747634880.3652236,1.3061744598298908,-6.655296312977536,16.382455825805664
1747634880.390162,1.1899804149080717,-6.640578781562093,5.211114883422852
1747634880.4101796,1.1729720934316599,-6.634271750969338,6.804943084716797
1747634880.4299943,1.0763440842062824,-6.627186129001625,5.275964736938477
1747634880.449632,1.0281374860833066,-6.6114477768792685,4.826784133911133
1747634880.4655344,1.0063880527475624,-6.601595389201911,3.930807113647461
1747634880.4796622,0.9567038476355625,-6.591016157269961,3.9741992950439453
1747634880.4963267,0.8982191298532749,-6.580273414239032,3.925800323486328
1747634880.5169191,0.8403599036077551,-6.560013640885678,4.039287567138672
1747634880.5413501,0.7812551199969657,-6.544993496147903,7.217884063720703
1747634880.5770402,0.7225506628405691,-6.537492502755529,7.054567337036133
1747634880.6120465,0.616079183485226,-6.501146610355044,4.2705535888671875
1747634880.6338985,0.5344348659359979,-6.466759602553481,3.8878917694091797
1747634880.649906,0.4693242552928176,-6.443205232313758,3.8187503814697266
1747634880.6648488,0.4437179791216211,-6.432182056465232,4.705905914306641
1747634880.6976912,0.33729924671472455,-6.389110117191949,3.9052963256835938
1747634880.7271156,0.27758747622150554,-6.360278524162351,5.898952484130859
1747634880.7924488,0.14765741887913572,-6.292245817624771,19.59848403930664
1747634880.8358567,-0.008299376521916528,-6.207877967318651,9.727239608764648
1747634880.9627233,-0.26151674160708144,-6.043709074638943,8.793830871582031
1747634880.9835584,-0.363990647384659,-5.970452298694692,8.726835250854492
1747634881.0079453,-0.45364467087630417,-5.8900468300089655,7.872581481933594
1747634881.0314999,-0.4779841937084925,-5.870442908724828,11.374711990356445
1747634881.0692334,-0.5478292438650101,-5.79710038362409,10.252952575683594
1747634881.0893092,-0.6247656439030609,-5.740436263895401,9.067773818969727
1747634881.113542,-0.6577619310129088,-5.691108492736194,11.266946792602539
1747634881.1542432,-0.7234329599475583,-5.6254961797404555,12.388229370117188
1747634881.1810076,-0.7802930488316019,-5.559727716764606,8.72349739074707
1747634881.2151062,-0.8324438367930675,-5.488595923123095,15.485048294067383
1747634881.2740922,-0.9317613637706907,-5.364800829761407,11.866569519042969
1747634881.3127685,-1.0283381554595965,-5.236646033492044,7.923364639282227
1747634881.367944,-1.1047439997211568,-5.131160961654303,11.571407318115234
1747634881.4115393,-1.1533930211843848,-5.056127540299262,13.635635375976562
1747634881.4578543,-1.239547150592978,-4.891330595175768,9.209632873535156
1747634881.499734,-1.2874225923898857,-4.8045883890607906,15.123605728149414
1747634881.5423877,-1.3554921602885663,-4.670913049163076,10.19906997680664
1747634881.5856462,-1.410361791110256,-4.528445770396659,9.36126708984375
1747634881.6129344,-1.434602706852837,-4.466396025819785,7.439136505126953
1747634881.650916,-1.4794478269038942,-4.347676793497731,10.892152786254883
1747634881.6874824,-1.5012991653923884,-4.235622822933035,11.65914535522461
1747634881.7259371,-1.556617650333204,-4.086840100868527,9.079456329345703
1747634881.7631307,-1.588152252244011,-3.9721632313139725,6.243705749511719
1747634881.7881188,-1.5997400296913984,-3.916456765287164,5.591392517089844
1747634881.8302104,-1.6244680512945764,-3.797617980099005,11.240005493164062
1747634881.8599348,-1.6471264510058388,-3.701307108759395,8.333683013916016
1747634881.8900473,-1.6605300210509446,-3.605778078726832,6.89244270324707
1747634881.927105,-1.6733804443332854,-3.4857624510659733,8.223295211791992
1747634881.9586847,-1.6790533829517396,-3.384453280895796,6.6967010498046875
1747634881.9863403,-1.6883281808147774,-3.2927253301447172,8.814573287963867
1747634882.0425093,-1.6932122115074904,-3.1293481088207984,10.617256164550781
1747634882.0719955,-1.697951346853832,-3.041044200387656,9.437799453735352
1747634882.1100185,-1.6847810373089789,-2.887442228282368,7.554531097412109
1747634882.1463413,-1.6829507672093669,-2.7886502142018053,10.131120681762695
1747634882.1782389,-1.665614008018825,-2.682765830018655,6.612300872802734
1747634882.2069361,-1.6657885416537037,-2.584656637533941,10.368585586547852
1747634882.2455769,-1.6378484256702623,-2.466223185690898,5.636930465698242
1747634882.301792,-1.599833912571478,-2.3009733556039302,12.12763786315918
1747634882.3528023,-1.5688634238183925,-2.1424205258283355,10.449647903442383
1747634882.3879244,-1.5285034338222316,-2.0129334702807196,11.052131652832031
1747634882.4263227,-1.497027311201108,-1.9249908677359053,9.42373275756836
1747634882.459876,-1.4606986483101008,-1.826765651714969,6.976842880249023
1747634882.489343,-1.428707649370035,-1.7400458228575268,12.261390686035156
1747634882.5206268,-1.3899474693027367,-1.6466583728831605,12.380361557006836
1747634882.5570705,-1.3555946236295695,-1.5468316883048914,12.583255767822266
1747634882.6099584,-1.2813199155188595,-1.4161599117702424,11.286735534667969
1747634882.6565068,-1.1884787981177565,-1.2661053779871374,11.370182037353516
1747634882.706686,-1.0941397970636217,-1.1259544181641017,10.796070098876953
1747634882.7468174,-1.0389479886182402,-1.0432440733113861,10.914325714111328
1747634882.7922199,-0.9478523193458102,-0.9010057739641167,12.035369873046875
1747634882.839839,-0.8482525232843953,-0.7753087419797519,10.621786117553711
1747634882.8690364,-0.7941756232121409,-0.7038710947545034,6.929874420166016
1747634882.912315,-0.7349583767383657,-0.6414353717601751,7.888555526733398
1747634882.9563544,-0.6533040326378825,-0.5774365407372324,8.079767227172852
1747634883.0019338,-0.594794485212725,-0.5120232868517048,10.547161102294922
1747634883.0394359,-0.4978421757685376,-0.431154183596826,14.44864273071289
1747634883.0968962,-0.4097906877978556,-0.36305399219695594,18.780231475830078
1747634883.144609,-0.3217966401690856,-0.29308048393157465,11.121034622192383
1747634883.1834807,-0.24201339440035527,-0.24288386040507587,10.293245315551758
1747634883.2281377,-0.14758482506897536,-0.18279588655612375,11.217355728149414
1747634883.2791932,-0.05380389668427935,-0.13154005712954578,8.536100387573242
1747634883.329856,0.037817720692221966,-0.09372183809670735,7.350683212280273
1747634883.3688831,0.11270144917549772,-0.04963365819060658,8.784055709838867
1747634883.4069839,0.21236428039166688,-0.01326201961641461,7.922649383544922
1747634883.438714,0.2812646313300045,0.014775308829037761,9.814977645874023
1747634883.4738357,0.3670805913285559,0.04115155442517869,10.656356811523438
1747634883.5049884,0.44084851371842054,0.06448638563754958,8.536338806152344
1747634883.5421934,0.5267172073182884,0.086719260110364,10.675191879272461
1747634883.5830588,0.5962101175087804,0.10437205118419654,10.184288024902344
1747634883.6229708,0.6658702390323514,0.11362449658432082,14.344215393066406
1747634883.6614769,0.7591404002560495,0.12842099966664058,8.208990097045898
1747634883.708453,0.8334171915713043,0.12913995575366322,11.699676513671875
1747634883.7454486,0.9342943742748123,0.13520618382263752,4.837512969970703
1747634883.794236,1.0251837811129587,0.13400065179139214,15.537261962890625
1747634883.8410459,1.116971980491942,0.13489934951832197,21.495819091796875
1747634883.882611,1.2158642960226038,0.12784114292907917,11.283397674560547
1747634883.9174407,1.2650443902753468,0.12286769689427925,9.387731552124023
1747634883.957596,1.3563090516222196,0.10623315094009846,10.966062545776367
1747634883.9989264,1.4233625483494363,0.09421830166703932,6.079196929931641
1747634884.0395436,1.499324144858609,0.07771024711329205,10.960817337036133
1747634884.0682898,1.5332053703994781,0.06462620360200329,9.916543960571289
1747634884.102199,1.5893385870464485,0.051696370649549295,11.905431747436523
1747634884.1314635,1.6231479821997745,0.04055144428070325,9.692668914794922
1747634884.1772277,1.6781028098504476,0.025500572269439803,10.235786437988281
1747634884.2114246,1.7300163307039267,0.009811032792206707,7.829427719116211
1747634884.2268534,1.747413426951349,0.004527430118896865,3.6821365356445312
1747634884.2489824,1.7583824414202078,-0.004794476078123005,9.186506271362305
1747634884.2636557,1.7997653070740234,-0.02156202014482022,3.622293472290039
1747634884.2789526,1.8188450254941142,-0.027075599775327246,3.880023956298828
1747634884.2998044,1.8342145038116047,-0.029606380188883136,4.791498184204102
1747634884.3240652,1.8700380274611723,-0.04893068476867155,6.666421890258789
1747634884.342236,1.9000820345154832,-0.062458453453235384,3.9708614349365234
1747634884.3740966,1.9413033110569962,-0.08209374305563942,7.100343704223633
1747634884.4062023,1.971932303912438,-0.09867608466561692,11.131048202514648
1747634884.4416199,2.011824060100423,-0.12860473408894732,12.420654296875
1747634884.4842079,2.054039633702895,-0.1543639159614284,9.272575378417969
1747634884.51633,2.119016698381975,-0.1968656015158072,7.257938385009766
1747634884.5645804,2.163996767002875,-0.23566254267228945,7.003545761108398
1747634884.605053,2.206595397753823,-0.2720302025135811,7.543087005615234
1747634884.64082,2.239441170700185,-0.2966626750523616,11.586427688598633
1747634884.705569,2.2949884120466706,-0.3455769097838158,21.999120712280273
1747634884.7247279,2.3278489961198376,-0.37625478806841783,7.246732711791992
1747634884.7470946,2.351779528722957,-0.4011365898211862,4.626750946044922
1747634884.7723596,2.3774172595691203,-0.4273573728393464,9.20414924621582
1747634884.792312,2.3826744120614385,-0.44471517752047135,5.193233489990234
1747634884.8095725,2.408992800081894,-0.47168370348604965,4.503965377807617
1747634884.8434587,2.4271632192472,-0.4959062833247324,11.751413345336914
1747634884.8613284,2.4555487699884235,-0.532969795642539,5.090475082397461
1747634884.902017,2.4776395288598674,-0.5609279723524065,7.19141960144043
1747634884.925009,2.4967794952131315,-0.5781671532346069,7.725715637207031
1747634884.9812655,2.535848290741216,-0.644950532162788,13.269662857055664
1747634885.0275455,2.564783180728841,-0.6962412542124299,11.643409729003906
1747634885.0596907,2.585497033789382,-0.7548057033509545,15.939950942993164
1747634885.109749,2.6134597324861515,-0.7985790172961295,17.307281494140625
1747634885.159609,2.6418385773177646,-0.8672112884471919,13.822317123413086
1747634885.1935775,2.6618475499876078,-0.9248755394723844,7.438182830810547
1747634885.2356203,2.694891716353292,-1.0009896831364977,4.906892776489258
1747634885.260952,2.695148109429698,-1.0229154912228484,14.362335205078125
1747634885.2880967,2.7085547876942115,-1.0752437998868465,4.722118377685547
1747634885.315806,2.711199980676406,-1.0935758478190385,15.722990036010742
1747634885.3612838,2.7276710839186977,-1.1555784717947133,20.78390121459961
1747634885.3965607,2.7454334432726273,-1.2353165594298465,4.128217697143555
1747634885.4276128,2.7442588118258593,-1.2671590749022603,16.389131546020508
1747634885.464225,2.7518387052003837,-1.3455652777668692,5.356311798095703
1747634885.494046,2.7500957849871317,-1.3861960251445151,4.933834075927734
1747634885.5197444,2.7568036625943306,-1.4279055977472837,6.603002548217773
1747634885.540809,2.7596168903512326,-1.472512156352384,4.251241683959961
1747634885.5725145,2.765094444514142,-1.512649480472404,13.19575309753418
1747634885.5951204,2.7634548484131907,-1.5511924121682517,5.692958831787109
1747634885.6218522,2.765785561508936,-1.5945982092417927,7.830381393432617
1747634885.6914744,2.765328490157324,-1.730244961513212,18.098115921020508
1747634885.736345,2.771316473059248,-1.839135044546232,9.94729995727539
1747634885.7548618,2.764991285740372,-1.8915150507140674,5.394935607910156
1747634885.7743108,2.769372501288738,-1.9124087041478626,5.7277679443359375
1747634885.8025312,2.7716885347079048,-1.964535863686295,7.790327072143555
1747634885.8276668,2.7632176295505695,-2.0171575007305766,3.978252410888672
1747634885.8487227,2.762940364311299,-2.0611005320423925,4.374027252197266
1747634885.8929875,2.763642958847833,-2.1346645759098926,11.486291885375977
1747634885.9297373,2.7719784653588038,-2.1785773838470632,17.963171005249023
1747634886.059135,2.785454556653841,-2.4832070070571817,8.625030517578125
1747634886.1058967,2.7898420652699274,-2.537169308619304,25.736570358276367
1747634886.2073302,2.8228287306701207,-2.747391143072059,12.143135070800781
1747634886.2467453,2.837629866986339,-2.829074871184739,14.080524444580078
1747634886.2700653,2.843145979328883,-2.8777969931046634,10.424375534057617
1747634886.2870955,2.853958391771936,-2.940473919802976,3.7419795989990234
1747634886.302574,2.8632486173629506,-2.9626224918925157,3.9567947387695312
1747634886.3182473,2.866158549888126,-3.0199246988466677,3.977537155151367
1747634886.3402755,2.8736280493129307,-3.0452852871613234,11.607646942138672
1747634886.3557353,2.8907538466306697,-3.099376185895269,4.563093185424805
1747634886.3729131,2.8984669843151707,-3.1288848239196243,4.201412200927734
1747634886.3952155,2.905981879312929,-3.1844465960693937,5.932092666625977
1747634886.4367971,2.9256420296513825,-3.262530849547264,18.687009811401367
1747634886.4734795,2.9560624896831147,-3.360544151620722,8.241653442382812
1747634886.5154264,2.9668989272282764,-3.4025107817232176,20.328044891357422
1747634886.5425482,2.9980294785449386,-3.481897846483633,10.224103927612305
1747634886.5696304,3.0237982020852945,-3.5550620496540803,8.869409561157227
1747634886.6200106,3.0685048020039623,-3.68209407872536,9.379863739013672
1747634886.6567574,3.101318836023499,-3.779419980042815,4.555463790893555
1747634886.692218,3.117101640501855,-3.826732419376,6.386756896972656
1747634886.726606,3.152482104482827,-3.8968887544562176,5.695819854736328
1747634886.7949414,3.1854205639580817,-3.98780760011479,13.799667358398438
1747634886.821441,3.2235510270165655,-4.075278821908931,10.360240936279297
1747634886.8524427,3.2573106178764055,-4.161085933582682,10.523796081542969
1747634886.8769286,3.2676014004646277,-4.184131059792213,11.142253875732422
1747634886.9026177,3.29510196840465,-4.257136564421812,8.149147033691406
1747634886.9249787,3.3214342876981715,-4.316058130647916,8.453845977783203
1747634886.9444797,3.3405655268476897,-4.355477831132122,7.445573806762695
1747634886.9662452,3.3475802311355984,-4.397306896564325,6.638765335083008
1747634886.98943,3.3690330039853364,-4.441774759969406,10.364532470703125
1747634887.025636,3.3916142653229597,-4.4989259511825335,9.729862213134766
1747634887.0604856,3.408598401611364,-4.56048329994529,6.243705749511719
1747634887.0875032,3.4175546123739866,-4.600964845695833,6.994009017944336
1747634887.11426,3.429205041506843,-4.639776628837099,4.603385925292969
1747634887.1450377,3.451217625660014,-4.699678757384373,8.027315139770508
1747634887.1765704,3.457111440732709,-4.740022691088998,7.091522216796875
1747634887.1985085,3.456377236549365,-4.781753208454438,4.767894744873047
1747634887.2266777,3.4622365010882983,-4.81779159453786,10.28132438659668
1747634887.2463872,3.4841745541467852,-4.856687430617945,4.220247268676758
1747634887.2675688,3.487933981556165,-4.87091579591669,7.877111434936523
1747634887.2921903,3.4907086279131936,-4.909072823758575,5.007505416870117
1747634887.3208563,3.492361014683568,-4.941631685096894,6.002902984619141
1747634887.3471558,3.4995665224076844,-4.978109996313558,10.94818115234375
1747634887.3904054,3.5079743113974295,-5.049631159876148,7.936716079711914
1747634887.4218345,3.5135668764742234,-5.0891733842414535,8.219480514526367
1747634887.4481432,3.508245209189668,-5.1287082005328335,8.333683013916016
1747634887.4829607,3.5062739478239715,-5.16231279202861,10.368585586547852
1747634887.5070498,3.5111472983813856,-5.194669823049083,8.317708969116211
1747634887.5375178,3.509045534288459,-5.233296969902153,4.893064498901367
1747634887.5787783,3.508812124106781,-5.276999263399687,7.042646408081055
1747634887.6103327,3.5076303799617374,-5.3013779194749855,6.375312805175781
1747634887.669832,3.503861556284846,-5.350969723307337,9.089231491088867
1747634887.712246,3.504030436962073,-5.387751375114707,13.098001480102539
1747634887.745025,3.498630373580519,-5.430184897764897,13.443470001220703
1747634887.7826478,3.498841505749181,-5.47096867461333,9.647369384765625
1747634887.8226922,3.4829479189906065,-5.4830872310139664,16.0825252532959
1747634887.8591304,3.473561538312791,-5.539904706338697,14.899730682373047
1747634887.8897092,3.4642361507134853,-5.577645279087407,3.938913345336914
1747634887.9242687,3.460046381630462,-5.603838192110838,10.8489990234375
1747634887.9601643,3.453247558835035,-5.633648300724784,17.1356201171875
1747634887.9897974,3.4332192227769553,-5.690700286948979,3.760099411010742
1747634888.035404,3.4103480729826687,-5.727965135243324,13.235092163085938
1747634888.0621104,3.388805978532311,-5.773295909414312,10.360240936279297
1747634888.0930326,3.3793677302871967,-5.814397250247859,10.92076301574707
1747634888.1181836,3.3734617125416433,-5.827894103153796,7.937192916870117
1747634888.1468687,3.362235753670783,-5.849373090761973,10.369300842285156
1747634888.1702967,3.338342953384476,-5.876807459288801,9.07135009765625
1747634888.194819,3.3352157687842996,-5.903484436447383,7.986545562744141
1747634888.2274008,3.3159367788950256,-5.921807863909242,8.590221405029297
1747634888.252922,3.3100269883142834,-5.933249507836407,7.287502288818359
1747634888.2737916,3.2932820561000065,-5.955765536195464,9.316682815551758
1747634888.3008747,3.287248359183432,-5.969691478891378,6.774187088012695
1747634888.3398397,3.272770920529914,-6.000848783137656,11.430501937866211
1747634888.3659766,3.2491667888047866,-6.0260224846023025,8.35871696472168
1747634888.3996227,3.228133721164146,-6.050863376816867,11.340141296386719
1747634888.4205363,3.205605084718213,-6.077597716417251,9.535074234008789
1747634888.4423826,3.174889446503118,-6.103172124110476,3.9963722229003906
1747634888.4629674,3.1662884659628636,-6.123537804249581,8.2550048828125
1747634888.4824297,3.1430775926084906,-6.131899330457422,8.270740509033203
1747634888.5209413,3.1291495016163244,-6.150803870625392,7.5817108154296875
1747634888.5420837,3.0829310346828676,-6.191197609391876,6.6738128662109375
1747634888.578085,3.0714037453179017,-6.202593106719581,7.544994354248047
1747634888.6068814,3.028214468343114,-6.231647745943423,10.193586349487305
1747634888.6517591,2.986793721102449,-6.276750169328334,14.812946319580078
1747634888.6937852,2.907386270546313,-6.335935173149057,9.077787399291992
1747634888.7307413,2.831507746902674,-6.378926803072799,7.719516754150391
1747634888.7680519,2.796089820547829,-6.396846855803758,9.116172790527344
1747634888.7983227,2.7623203783371744,-6.417792535933754,7.738351821899414
1747634888.822589,2.6910052840203282,-6.455869962349036,9.58108901977539
1747634888.852801,2.6476851394809584,-6.476396708111323,9.820222854614258
1747634888.8766418,2.5949115039725834,-6.502051699311052,7.164478302001953
1747634888.9305782,2.500476704449325,-6.535975348204821,17.848730087280273
1747634888.9708948,2.397723829404483,-6.562080536411148,15.191078186035156
1747634888.997473,2.347961694993358,-6.577059968077679,13.860225677490234
1747634889.0341568,2.256147226176234,-6.596199968977709,11.611700057983398
1747634889.057888,2.1840853516252756,-6.616883412066996,10.359525680541992
1747634889.083436,2.138320731591028,-6.623961648630536,7.664203643798828
1747634889.1069903,2.0542256377658665,-6.6329847106344815,8.700847625732422
1747634889.126794,2.013223693424556,-6.6464226345843604,7.309436798095703
1747634889.1570709,1.9342821206153697,-6.654850295768273,11.41357421875
1747634889.1802232,1.8627787785503018,-6.660499384401683,4.982948303222656
1747634889.2093434,1.814280911989996,-6.65808900998999,6.984472274780273
1747634889.2488873,1.7253808975014433,-6.672614850320057,12.454748153686523
1747634889.278346,1.6489171596454495,-6.665111559620404,9.849309921264648
1747634889.3269596,1.5559487133438559,-6.657984350965739,15.914440155029297
1747634889.3666184,1.429001220211515,-6.648682420672429,10.992765426635742
1747634889.3984349,1.3563740716686963,-6.644071829676498,10.070562362670898
1747634889.4215376,1.2865236821488417,-6.635295323104187,4.34422492980957
1747634889.4444096,1.2586142822026376,-6.628904969299219,7.483482360839844
1747634889.472147,1.2111154978713132,-6.6219493486712215,10.83064079284668
1747634889.5087097,1.0842167975098096,-6.603201502201261,6.7119598388671875
1747634889.5454853,1.0240007607307857,-6.596911149866768,10.395526885986328
1747634889.574024,0.9502265567038979,-6.576519746807487,14.631986618041992
1747634889.604269,0.8429258598408285,-6.543174927227228,9.655475616455078
1747634889.6268618,0.7721056221791597,-6.530586364882321,10.567665100097656
1747634889.6579978,0.7307605920085669,-6.517053522584127,11.726140975952148
1747634889.6932666,0.6339278513237191,-6.494830177624999,12.000083923339844
1747634889.71696,0.5788800419251653,-6.478492285882298,8.761882781982422
1747634889.7471073,0.4985848622144594,-6.445635395444697,5.481958389282227
1747634889.779427,0.44848747783386,-6.426624296072566,10.669946670532227
1747634889.8251562,0.3432760703805815,-6.379515189425907,9.569406509399414
1747634889.8583643,0.25588928121929333,-6.336894106500048,12.95614242553711
1747634889.8741386,0.23948736340264032,-6.329091596112253,4.483461380004883
1747634889.923254,0.1459266508792983,-6.278789929394151,17.952442169189453
1747634889.9567413,0.06992214962616462,-6.23887227948407,11.121273040771484
1747634889.990083,0.02054196250126948,-6.209536131478829,9.915590286254883
1747634890.026164,-0.05775028271331598,-6.162827545132925,12.253046035766602
1747634890.0498946,-0.1317228968437329,-6.117946413087511,6.050825119018555
1747634890.086025,-0.20584349805804694,-6.0745681842091885,11.283636093139648
1747634890.134185,-0.2989994264344552,-6.000628897095085,18.39923858642578
1747634890.184851,-0.4238414644458167,-5.8996668260091205,11.844635009765625
1747634890.2288346,-0.5196527343306245,-5.816347950380466,12.611150741577148
1747634890.270239,-0.6122961035164469,-5.734446107219404,8.153915405273438
1747634890.3216434,-0.7208611685033964,-5.623816109987846,11.987686157226562
1747634890.3480132,-0.7647229470750789,-5.579775197367686,14.311075210571289
1747634890.412751,-0.8910664227773165,-5.446097809942871,22.211074829101562
1747634890.4625947,-0.9985254344158785,-5.298186327785991,7.778406143188477
1747634890.5156791,-1.0873905286153287,-5.175029348870354,13.102054595947266
1747634890.5607297,-1.1729564002884185,-5.049728462585304,10.478973388671875
1747634890.5877259,-1.2134410278922525,-4.969260391309473,10.664939880371094
1747634890.61517,-1.2560383523918401,-4.8962236103004475,5.21397590637207
1747634890.658723,-1.3077316871659208,-4.783085869730973,6.159543991088867
1747634890.6958203,-1.3733814620622657,-4.665921468876645,7.220983505249023
1747634890.733928,-1.4265350477248164,-4.552884885799028,9.386539459228516
1747634890.7631435,-1.4348311752153036,-4.492007720671304,9.47880744934082
1747634890.7799225,-1.4740170566754511,-4.404564635423362,5.249738693237305
1747634890.8020718,-1.491442689569607,-4.374696292369665,4.306793212890625
1747634890.8489957,-1.5193510488794546,-4.260538603824736,16.889095306396484
1747634890.8828025,-1.564546066078795,-4.105691055448937,8.003711700439453
1747634890.9049509,-1.5881941672832869,-4.044950061721878,6.0825347900390625
1747634890.94751,-1.6122760974645483,-3.9234274082364426,10.121345520019531
1747634890.9967117,-1.6409976326625788,-3.8018898137743142,10.200977325439453
1747634891.1165097,-1.6887909593258617,-3.4945527053161207,9.089946746826172
1747634891.133299,-1.6882114874585321,-3.465614052081401,3.904581069946289
1747634891.1509602,-1.6873611723275963,-3.432330493633867,6.122589111328125
1747634891.173407,-1.692253564410521,-3.394790711734283,3.854990005493164
1747634891.1948805,-1.6883565757752192,-3.3652144405276188,3.8559436798095703
1747634891.212006,-1.6977816953498812,-3.334602554435579,3.8154125213623047
1747634891.251481,-1.699853976241687,-3.3099164788066764,8.594751358032227
1747634891.2924056,-1.7010543451208584,-3.2443457807632807,9.897470474243164
1747634891.330685,-1.701424301892272,-3.184363124138562,9.54437255859375
1747634891.3945706,-1.697743065333727,-3.0862091808359344,25.82716941833496
1747634891.4101539,-1.7017574786855563,-3.0191976475342766,4.1294097900390625
1747634891.4498215,-1.703943346986724,-2.950620695485254,16.86406135559082
1747634891.4683409,-1.6993724979839762,-2.890208767180059,9.15384292602539
1747634891.492327,-1.6946984741789124,-2.824499610415701,14.670848846435547
1747634891.518181,-1.6810512233547732,-2.758163850114237,12.172222137451172
1747634891.5506928,-1.6735587689338205,-2.6950692541020653,6.183385848999023
1747634891.581414,-1.6686938366935014,-2.590988504404372,14.945030212402344
1747634891.606147,-1.6622817330596602,-2.5310609859532054,10.199308395385742
1747634891.63549,-1.634549690122216,-2.4358582325366527,4.493474960327148
1747634891.6704378,-1.6141286980507936,-2.3430280809873296,8.357524871826172
1747634891.689025,-1.599824207613064,-2.2811546516474306,3.674745559692383
1747634891.709021,-1.5911470579527862,-2.250699793812834,7.504463195800781
1747634891.7286103,-1.5759245842717116,-2.178486622860821,3.7994384765625
1747634891.7521834,-1.572014724178737,-2.1484919126463216,7.836341857910156
1747634891.77675,-1.5574676035379913,-2.1228685521175494,6.342411041259766
1747634891.7947738,-1.5318162229276537,-2.027232611547339,4.602909088134766
1747634891.8142433,-1.5205136815117717,-1.9950265789679729,7.557868957519531
1747634891.8513715,-1.4998451759233444,-1.9315425405817037,10.182380676269531
1747634891.8780541,-1.4647037338237128,-1.8429293875470036,9.075164794921875
1747634891.922012,-1.4041699389802162,-1.680685694520677,8.989810943603516
1747634891.947551,-1.3907987166605547,-1.649501940471328,9.3231201171875
1747634891.9747188,-1.3629654157158253,-1.5905900270770463,10.20669937133789
1747634892.0043976,-1.336826873255141,-1.5369907360624788,8.53276252746582
1747634892.0276988,-1.3107144788065266,-1.4775018650709062,8.80575180053711
1747634892.0517948,-1.2644156486432927,-1.3921130504794108,5.311250686645508
1747634892.075382,-1.245617768955484,-1.3621107459654174,4.507541656494141
1747634892.1054158,-1.209932664570815,-1.3152221304960525,7.7877044677734375
1747634892.1327899,-1.1839059586833207,-1.2506709866058525,11.816978454589844
1747634892.1586459,-1.128610520571047,-1.1643267984107506,7.508277893066406
1747634892.1925693,-1.0959941270441185,-1.1195516469700157,13.825416564941406
1747634892.2387328,-1.0220527264519688,-1.0096811645370096,18.176555633544922
1747634892.2679713,-0.9519608049187243,-0.8974109643048137,8.287668228149414
1747634892.308329,-0.8753937753509125,-0.8040363975315544,15.516996383666992
1747634892.3437974,-0.8118985385182337,-0.7404692620046909,11.112689971923828
1747634892.3702564,-0.7290509142060252,-0.6546854744336725,10.049104690551758
1747634892.4005651,-0.6849389716759142,-0.6145548525191883,6.359100341796875
1747634892.4254794,-0.6246802756578997,-0.5503867689476429,5.830287933349609
1747634892.4470894,-0.5998555108869201,-0.5272251174195957,7.151603698730469
1747634892.4736557,-0.5445031165339026,-0.4771999947194095,9.190082550048828
1747634892.5014627,-0.5135925919939803,-0.4379335679089134,7.721662521362305
1747634892.5394719,-0.4837561763951743,-0.4274543126771579,12.27879524230957
1747634892.5707135,-0.4370213248629846,-0.3902003420255883,6.8416595458984375
1747634892.6058269,-0.3954195414570915,-0.3504774148990467,10.355949401855469
1747634892.6353865,-0.345736697711504,-0.31412812739059986,10.791301727294922
1747634892.6578355,-0.294818932282801,-0.27927247568701596,7.569789886474609
1747634892.6989033,-0.2485647557305253,-0.2474296817251614,15.039920806884766
1747634892.7274199,-0.14734572249995231,-0.1886110822725935,5.952119827270508
1747634892.7565033,-0.09276975541801014,-0.1609268870135064,11.260509490966797
1747634892.788633,-0.02591785477280515,-0.1257267796264073,6.2084197998046875
1747634892.8255453,0.024844531563166287,-0.10389634484322777,5.585908889770508
1747634892.8586345,0.05034205430241858,-0.09105494171045739,13.773441314697266
1747634892.8999064,0.20649308647049752,-0.02292917478325169,10.735511779785156
1747634892.9262602,0.27711703481435224,0.0044391201962164836,5.811452865600586
1747634892.9594853,0.3577912823585164,0.032347003788327555,8.738040924072266
1747634892.9866707,0.42590317011191714,0.054379307071992566,8.64720344543457
1747634893.0094824,0.5018222531109477,0.07318448051570027,4.970788955688477
1747634893.0585287,0.6039465901282067,0.10058633642760406,9.222745895385742
1747634893.085089,0.6678928764675234,0.11421819284315055,8.776426315307617
1747634893.1049032,0.7179312726345012,0.11585215642349216,4.64630126953125
1747634893.1389422,0.7878841020817686,0.12374905386395621,8.867502212524414
1747634893.1680915,0.8594750895725586,0.12814336680600522,11.76762580871582
1747634893.19208,0.9300286740038767,0.13268378033828465,7.524728775024414
1747634893.2233813,0.994706303261795,0.1352654387976446,5.0411224365234375
1747634893.2496333,1.068244062384016,0.13290705929383437,6.485462188720703
1747634893.278003,1.1057981364852771,0.12529206240428353,7.207632064819336
1747634893.3134124,1.1962618671717573,0.11693818120573517,9.099245071411133
1747634893.3505802,1.2841505469079695,0.11152505448515987,8.966445922851562
1747634893.3865838,1.3401127266018846,0.10114326840100869,9.374618530273438
1747634893.4186842,1.3973194445017867,0.08959606061561924,9.133338928222656
1747634893.4831443,1.5129923529022609,0.0688329656973854,17.372608184814453
1747634893.5250106,1.6083442305770175,0.04274176254976851,9.305953979492188
1747634893.5525112,1.6572089094994034,0.027537324158857773,7.195949554443359
1747634893.5767243,1.6960349813043878,0.016887297838718392,5.018949508666992
1747634893.6158545,1.758748912003161,-0.012265459796621815,9.937286376953125
1747634893.6430573,1.79648625577682,-0.02931783493450423,8.121490478515625
1747634893.6656823,1.845835890160547,-0.04761074379480476,5.874872207641602
1747634893.688085,1.8804350545401356,-0.061270548173190005,6.3419342041015625
1747634893.7120595,1.9130736735324743,-0.07863011041777457,4.984378814697266
1747634893.728949,1.9511384105503091,-0.09529101348556565,3.6590099334716797
1747634893.7495446,1.9844377142451048,-0.10788807143300558,5.514383316040039
1747634893.7787232,1.9982715761046297,-0.12957902176423158,8.585453033447266
1747634893.8025737,2.031052593583195,-0.1564207909460645,4.574775695800781
1747634893.8193464,2.0677933637687507,-0.17564828898010032,3.9267539978027344
1747634893.8406863,2.080244185376686,-0.1825285883212262,10.029792785644531
1747634893.8689969,2.130005240786297,-0.21653364113949983,4.040718078613281
1747634893.8872163,2.158476026689983,-0.24035575002089135,4.244565963745117
1747634893.909486,2.1745589781295998,-0.25172691812652326,11.380195617675781
1747634893.931004,2.2064650268019084,-0.27821106790801664,6.733179092407227
1747634893.9541197,2.22824758961377,-0.29917049392201805,9.07135009765625
1747634893.9811103,2.254198153396515,-0.32463484015197264,9.219884872436523
1747634894.0063722,2.2753969892841654,-0.3480458241441818,4.895210266113281
1747634894.0434237,2.3236845474588717,-0.38396090798827887,7.476091384887695
1747634894.0763364,2.3672902954608,-0.4338552446396818,13.139724731445312
1747634894.0993345,2.398947884802308,-0.47238738301739047,6.651639938354492
1747634894.1213634,2.4149892503977846,-0.49407353526960257,6.117343902587891
1747634894.1566672,2.4289454416037195,-0.5182349508723496,10.230541229248047
1747634894.2168436,2.493215099818333,-0.5944978708601225,13.735532760620117
1747634894.2568102,2.5063822894907766,-0.6297317506282251,15.701770782470703
1747634894.2953541,2.5499432543618044,-0.6709650538227709,10.277032852172852
1747634894.3453739,2.5687692454644107,-0.7227539755286995,11.149168014526367
1747634894.3852825,2.5709893738417113,-0.7544108882602132,18.028974533081055
1747634894.4049425,2.6002358260649245,-0.78729592910306,8.929729461669922
1747634894.4270732,2.6098442660092753,-0.8029417173263798,9.96541976928711
1747634894.4490933,2.619896345753658,-0.823293759008426,8.312463760375977
1747634894.474922,2.6187451643237716,-0.8465085709824708,6.103515625
1747634894.5005682,2.631016945108823,-0.8743515862610355,7.456541061401367
1747634894.5424109,2.6501421669462477,-0.9167830964428471,18.97120475769043
1747634894.5778537,2.6692239616869826,-0.9657332852703857,10.740995407104492
1747634894.6089392,2.687124424202061,-1.0273580173333536,6.075620651245117
1747634894.6626053,2.711545665051865,-1.09415435571307,10.617971420288086
1747634894.7055542,2.7330193945168797,-1.1769636102410093,6.773471832275391
1747634894.7342591,2.7414437556069013,-1.2196031975305404,6.2465667724609375
1747634894.7831497,2.7492542573626184,-1.2846124958744347,9.649276733398438
1747634894.8090138,2.749930630871976,-1.3481345832893354,4.322052001953125
1747634894.8427095,2.7530296798398406,-1.372189582143109,6.963491439819336
1747634894.8777874,2.7553144763996658,-1.4587596994859138,6.662607192993164
1747634894.9245148,2.758148576004872,-1.5186581148296632,12.977361679077148
1747634894.969573,2.76503086657055,-1.6069516793262368,8.398056030273438
1747634894.991387,2.7584601445628425,-1.648598011558702,4.665374755859375
1747634895.0322196,2.76078407005041,-1.715533452612054,6.942987442016602
1747634895.0654924,2.7671062727374336,-1.7765658855853939,5.275249481201172
1747634895.1058443,2.7630736464284356,-1.8222070672949968,11.485815048217773
1747634895.1414123,2.756554497181178,-1.8907309505636223,13.729333877563477
1747634895.16267,2.7700704993840612,-1.9355039210473861,7.097959518432617
1747634895.1841729,2.7629451804047434,-1.9797213179698472,6.495475769042969
1747634895.2106137,2.7677957243324083,-2.0317324985922176,8.203744888305664
1747634895.2331169,2.7646856592971587,-2.082336867663291,5.742788314819336
1747634895.2554638,2.7668937465713803,-2.133488098622467,4.642724990844727
1747634895.2799075,2.7723244201412336,-2.1881225035947214,8.333206176757812
1747634895.3205795,2.7680057776490576,-2.264175666977575,9.210348129272461
1747634895.3644922,2.7768871875007677,-2.338000548302378,13.655424118041992
1747634895.3956192,2.7727886951387957,-2.390168200230547,14.235258102416992
1747634895.424928,2.7801110676139738,-2.4698478164995876,4.990100860595703
1747634895.4429402,2.7885517763651753,-2.4923064724827384,4.963159561157227
1747634895.4677632,2.793876062076201,-2.5404962886641873,9.4451904296875
1747634895.4932084,2.797291102938637,-2.5976988545805053,5.640745162963867
1747634895.5434382,2.8134722537622086,-2.7055472471825524,10.590791702270508
1747634895.5648339,2.8156876955800927,-2.756224249925972,8.864641189575195
1747634895.5827634,2.8309783547110796,-2.838049703145471,6.286144256591797
1747634895.6119418,2.8440864931365906,-2.886729618820976,4.347562789916992
1747634895.6382844,2.8629221681891317,-2.976040529658242,7.327079772949219
1747634895.66155,2.869461721892877,-3.03282981621456,4.798412322998047
1747634895.6892571,2.8814766693933294,-3.082095997771463,6.774187088012695
1747634895.7249799,2.9040713074542355,-3.1581982669015223,5.063533782958984
1747634895.759089,2.920260958929698,-3.2333936944025026,7.089853286743164
1747634895.783797,2.9405163591221823,-3.3170201628311964,4.600286483764648
1747634895.8118474,2.958449941230519,-3.3652708380521874,10.151386260986328
1747634895.8400996,2.984135986561993,-3.4381408265522113,11.589288711547852
1747634895.875332,3.000310560842782,-3.491282064952781,10.53619384765625
1747634895.909349,3.029941071899377,-3.5915452163463146,3.587007522583008
1747634895.9405968,3.044659266708684,-3.634435625477646,4.970312118530273
1747634895.9661403,3.0630831146622177,-3.677883226853899,5.63502311706543
1747634896.1287577,3.185378420758183,-3.983560265683633,5.71441650390625
1747634896.1507525,3.1945192620079976,-4.009238341542577,4.7893524169921875
1747634896.1664634,3.20655419143534,-4.0344956455449745,3.7996768951416016
1747634896.1839323,3.218327094482311,-4.0575332749210915,6.264686584472656
1747634896.2006974,3.2212955240268464,-4.081490289575627,3.4356117248535156
1747634896.218166,3.2302152190460784,-4.104254214656,4.853010177612305
1747634896.238963,3.251657173990238,-4.151094010031322,3.7353038787841797
1747634896.2746882,3.269581661384713,-4.190140684355029,16.535282135009766
1747634896.2961452,3.287318816348852,-4.2318301020159605,4.130840301513672
1747634896.3132045,3.2941936580641866,-4.255445137829907,5.488157272338867
1747634896.3313854,3.3096605235321976,-4.299181902673966,5.600214004516602
1747634896.4361327,3.365986170620665,-4.458537848815628,11.33418083190918
1747634896.4872198,3.398624812622112,-4.564498489708514,13.519287109375
1747634896.5075352,3.417137120821604,-4.604321308649958,6.468534469604492
1747634896.5232534,3.427622879260347,-4.644825890726029,3.8514137268066406
1747634896.5453885,3.4292143376595954,-4.666929841150444,11.036872863769531
1747634896.5631914,3.4460497415086953,-4.708607732710184,3.7581920623779297
1747634896.5880427,3.4588250286472317,-4.742135138986079,6.880521774291992
1747634896.6122415,3.4623422853565,-4.777512840809001,7.948875427246094
1747634896.6361558,3.472359384580739,-4.818987522835991,6.794214248657227
1747634896.6524131,3.4716555370443074,-4.8350564878174715,3.699064254760742
1747634896.66993,3.4791935088357984,-4.849363402410986,4.0874481201171875
1747634896.68761,3.48386713769879,-4.8826564152333,6.286859512329102
1747634896.70897,3.4895479145761974,-4.913755264336602,8.817672729492188
1747634896.7279837,3.4913725175257313,-4.951293449850982,4.494190216064453
1747634896.7439988,3.501405607884294,-4.967971172249829,3.7164688110351562
1747634896.7662942,3.5066123198045327,-5.004417739731375,5.362033843994141
1747634896.7942543,3.5036380649280097,-5.036899398862866,5.235910415649414
1747634896.8133845,3.5052798297409993,-5.0516980323428236,4.503965377807617
1747634896.8431122,3.505605684043948,-5.089874619159304,11.012554168701172
1747634896.8679645,3.501806285508995,-5.127958068063687,4.9381256103515625
1747634896.8926008,3.495487713710665,-5.171202091889571,3.8716793060302734
1747634896.914335,3.506583194741681,-5.21053382396293,3.590106964111328
1747634896.9328992,3.501923778811952,-5.226841762556516,4.813194274902344
1747634896.954952,3.5002629372670095,-5.262684136569006,8.569717407226562
1747634896.9738836,3.498390267640023,-5.2885933391123015,3.915071487426758
1747634897.0044224,3.4973892019724255,-5.300615171837486,12.451887130737305
1747634897.0261881,3.503913941310704,-5.328495181298691,3.820657730102539
1747634897.050635,3.5118905523215926,-5.358798944891781,9.09876823425293
1747634897.0700748,3.501648419807085,-5.386095706010819,5.0907135009765625
1747634897.089546,3.49945472517126,-5.408528604202799,3.3876895904541016
1747634897.1071303,3.504780790801743,-5.425131590857361,6.241083145141602
1747634897.125063,3.4974835340633788,-5.456803332727387,6.234169006347656
1747634897.141626,3.4913579195975153,-5.457642009811526,3.615140914916992
1747634897.1588178,3.486370821495831,-5.4861235510234145,4.385471343994141
1747634897.175685,3.4872506913745354,-5.510207834781855,5.298852920532227
1747634897.194607,3.4859648413729145,-5.543806079527149,6.239652633666992
1747634897.2253966,3.4750090145562504,-5.570299957875022,14.020204544067383
1747634897.2651024,3.4575035138501353,-5.6333984012589555,4.94384765625
1747634897.2868555,3.4404878564306562,-5.689786859351358,4.743814468383789
1747634897.3209977,3.4278667661581705,-5.708959036548334,3.6606788635253906
1747634897.344809,3.413603263238922,-5.73978272114911,9.883642196655273
1747634897.3655832,3.404513608012543,-5.783998282340085,4.546642303466797
1747634897.3909252,3.395091167236028,-5.806723703372175,3.6919116973876953
1747634897.410813,3.3694498903861514,-5.852914698299389,4.550933837890625
1747634897.4333916,3.3492604204630716,-5.885209629086151,4.788637161254883
1747634897.4597573,3.331899015182067,-5.910995205858699,7.401704788208008
1747634897.5048137,3.292210910929295,-5.969964150647032,9.604454040527344
1747634897.532887,3.2683208804572876,-6.008008179863003,4.663944244384766
1747634897.5553927,3.240130205467889,-6.038847186438648,4.944801330566406
1747634897.5792072,3.2151475423297726,-6.062639752347225,3.2753944396972656
1747634897.606538,3.1988091871915825,-6.090784124114507,6.091117858886719
1747634897.6314135,3.171071149978726,-6.127642172018848,5.753755569458008
1747634897.6548502,3.148076699306349,-6.150180961502989,4.257440567016602
1747634897.682269,3.095457604031157,-6.184632945226318,4.473447799682617
1747634897.7053416,3.066152156920978,-6.215952967627756,4.06193733215332
1747634897.732435,3.038067508852544,-6.238177014902685,7.901668548583984
1747634897.7743316,2.9879131209636003,-6.2713814030282515,8.604288101196289
1747634897.8034103,2.9266989242178605,-6.327066317454404,5.486965179443359
1747634897.853818,2.8607621970501502,-6.370622619000698,8.162498474121094
1747634897.8832366,2.792767911229229,-6.405389335226488,7.8868865966796875
1747634897.9124403,2.7290006893151917,-6.440863107957145,5.484342575073242
1747634897.940986,2.703149707668277,-6.462386365168604,7.396459579467773
1747634897.9655447,2.657687508432992,-6.478475607875053,5.771160125732422
1747634897.9908895,2.6297078914761016,-6.495120736058922,4.355907440185547
1747634898.0270212,2.5580448269832985,-6.519966621527918,13.37575912475586
1747634898.0587957,2.495952420353742,-6.544857387769247,7.380962371826172
1747634898.0970771,2.416374228165734,-6.567226602512549,3.694772720336914
1747634898.165824,2.3402058998105035,-6.590495709396153,17.86971092224121
1747634898.1920564,2.261307153851125,-6.605575118651734,3.2813549041748047
1747634898.2449129,2.1493057265458133,-6.629772403521831,8.242130279541016
1747634898.2867699,2.0458891365920824,-6.645635685662934,12.71510124206543
1747634898.3334403,1.9438070279962725,-6.660251582796467,5.935192108154297
1747634898.362194,1.8761506549391065,-6.668994287026144,8.17418098449707
1747634898.4085076,1.7742675935659291,-6.674191988269899,14.445781707763672
1747634898.4492588,1.6947566656593116,-6.6716185477773555,16.78180694580078
1747634898.4725075,1.635050950884026,-6.668162750345513,7.934331893920898
1747634898.5117328,1.56649538823854,-6.663689493135508,6.352424621582031
1747634898.5542285,1.4863840819923564,-6.6576694715520395,17.34781265258789
1747634898.5816174,1.4009408057351043,-6.649178543530006,5.073785781860352
1747634898.6082041,1.3288356382903097,-6.643466539917651,8.819818496704102
1747634898.6631715,1.2341173720586875,-6.6334709221737045,15.533924102783203
1747634898.7058191,1.0500138085951267,-6.606077943970008,7.356882095336914
1747634898.7401054,0.9497868711420023,-6.578331288678703,4.477977752685547
1747634898.7868998,0.8386093940247334,-6.548502075223084,6.217479705810547
1747634898.8089397,0.7493728916348031,-6.528229731505414,6.13093376159668
1747634898.8282971,0.7244550326923713,-6.521034195846626,3.985166549682617
1747634898.8803952,0.6471835474945934,-6.491102552141786,13.430595397949219
1747634898.9128551,0.5346438922797825,-6.456337391918516,13.810396194458008
1747634898.9489899,0.4304723398777258,-6.413982426418946,6.152629852294922
1747634898.9867122,0.34155320336889156,-6.376340392939464,5.282163619995117
1747634899.025404,0.2855875857313195,-6.356203565458213,16.269922256469727
1747634899.0624087,0.20697347765210716,-6.316079621287221,11.680841445922852
1747634899.0922034,0.12329575719768143,-6.273630914953972,11.999368667602539
1747634899.1216106,0.054935897382285805,-6.230255699840083,5.868673324584961
1747634899.1598172,-0.0018980519392111355,-6.196925931649654,20.806550979614258
1747634899.2050219,-0.07608300104473104,-6.153183205517653,10.683059692382812
1747634899.2698402,-0.19724769680286836,-6.071174898638242,6.237030029296875
1747634899.2980046,-0.2803988625445896,-6.00743806485872,8.580446243286133
1747634899.3202436,-0.33564869562331046,-5.973990293473926,6.395578384399414
1747634899.3466775,-0.35473998802633755,-5.951448591914461,14.10365104675293
1747634899.3742878,-0.43445571891868523,-5.898982283711955,3.8862228393554688
1747634899.4033227,-0.46704665268908396,-5.86152553958926,7.80797004699707
1747634899.4250998,-0.5449477221834121,-5.798935834908892,4.092693328857422
1747634899.441924,-0.5891011879179089,-5.754553755419711,3.682851791381836
1747634899.461508,-0.6381638963763954,-5.710990332168816,4.731893539428711
1747634899.4834144,-0.675624339341051,-5.673340307310369,5.714654922485352
1747634899.5111387,-0.72997318194231,-5.623171569479882,8.396387100219727
1747634899.5420866,-0.7920636991862867,-5.5569489708679605,4.391670227050781
1747634899.5694895,-0.8432769177545524,-5.495307060665673,5.309343338012695
1747634899.6075115,-0.8858941157836661,-5.447551777873051,12.454986572265625
1747634899.629176,-0.9538256463695797,-5.365720315047064,3.842592239379883
1747634899.6600986,-0.9852398440926672,-5.317633316251689,12.71677017211914
1747634899.6993535,-1.0492819132941664,-5.221597546486097,4.52733039855957
1747634899.7416916,-1.1103150281592964,-5.120616986291341,8.440494537353516
1747634899.7800298,-1.164486357256005,-5.047433909239451,7.669210433959961
1747634899.7948365,-1.190310305024775,-4.999081537789752,3.228425979614258
1747634899.817384,-1.2227812430323435,-4.944914543779018,5.755901336669922
1747634899.8401823,-1.2638386316882024,-4.866404974275106,8.358240127563477
1747634899.872519,-1.3044268970256987,-4.786786557497363,8.99362564086914
1747634899.9029732,-1.330350017455497,-4.726965335098756,4.778861999511719
1747634899.9318385,-1.3704586893871702,-4.639731875189248,15.441417694091797
1747634899.961206,-1.4079538571385124,-4.556357582986751,4.564523696899414
1747634899.9964833,-1.4409666083605668,-4.474340234574951,4.436254501342773
1747634900.0319998,-1.4975263663305878,-4.327799887647916,5.511045455932617
1747634900.0583508,-1.5099871573869679,-4.266467564743839,12.288808822631836
1747634900.0926008,-1.541661290805315,-4.166418673721897,13.689517974853516
1747634900.1350255,-1.5721902388802733,-4.040049296888466,11.080503463745117
1747634900.1640382,-1.5928467827231874,-3.9492551350866076,4.335641860961914
1747634900.2109063,-1.6150367095703788,-3.8318091037953566,12.263774871826172
1747634900.2447565,-1.6404917618079122,-3.7369665417999345,11.945724487304688
1747634900.2635558,-1.6486003878061817,-3.681721283048226,3.9932727813720703
1747634900.303046,-1.6600680206545386,-3.547915077699977,7.018089294433594
1747634900.3236692,-1.6724731162183104,-3.4841598129284623,8.95071029663086
1747634900.3436394,-1.6790698355080926,-3.388235003377621,6.867647171020508
1747634900.3657718,-1.6870514496931552,-3.3278845122946485,4.993438720703125
1747634900.401358,-1.6918760964507493,-3.2402025459046815,10.794639587402344
1747634900.426829,-1.6904610935880577,-3.1418925007305636,4.807233810424805
1747634900.4698071,-1.6915835414960672,-3.0838125132352068,10.721921920776367
1747634900.4970458,-1.690569351756828,-3.0132367029869025,4.024982452392578
1747634900.5276442,-1.6944018443813693,-2.9502092684778183,4.881858825683594
1747634900.5716891,-1.6852207025782215,-2.8373853114853147,16.93415641784668
1747634900.6135662,-1.676899447968442,-2.6795018745529493,21.60358428955078
1747634900.6687143,-1.6453724775834448,-2.535803327084105,14.7857666015625
1747634900.7115474,-1.6175592698584043,-2.3734011458537903,5.178689956665039
1747634900.7569263,-1.5837999782442724,-2.2265782771644456,13.821840286254883
1747634900.793934,-1.5420119079765053,-2.090559756126757,9.644269943237305
1747634900.8355727,-1.5071956000631654,-1.962344820849644,7.555246353149414
1747634900.867349,-1.472691339283791,-1.8693920693479393,7.677316665649414
1747634900.905876,-1.437305293800004,-1.7723656575015387,13.821125030517578
1747634900.933619,-1.3856265551872269,-1.6544523513039953,4.935264587402344
1747634900.9561753,-1.36468880330244,-1.5908784973432661,4.3964385986328125
1747634900.9844875,-1.327375380203834,-1.5036371977265737,5.937337875366211
1747634901.1462648,-1.094732414999895,-1.1165063184529251,7.516384124755859
1747634901.2070198,-1.0350166512867716,-1.036067310120918,15.540599822998047
1747634901.2501297,-0.980553188691349,-0.9561442985460757,20.99895477294922
1747634901.291994,-0.9264640232191332,-0.8833165666832093,26.104450225830078
1747634901.3544033,-0.8516160050267598,-0.7805434639460213,18.268585205078125
1747634901.4248435,-0.7433836967231781,-0.6637467635842578,10.54072380065918
1747634901.4733696,-0.6642963051468224,-0.5778636602958037,13.522863388061523
1747634901.521412,-0.5895389051035608,-0.5155136244231264,10.438919067382812
1747634901.5745754,-0.5462794910040858,-0.47667968382742976,17.206192016601562
1747634901.6181326,-0.49739091810198083,-0.43811989492915604,7.833003997802734
1747634901.6662714,-0.3947541049619331,-0.34507393798737673,15.474796295166016
1747634901.7218537,-0.27164427217988635,-0.2616581973262007,23.511648178100586
1747634901.768131,-0.12434355807515492,-0.16961205751759884,6.281614303588867
1747634901.797257,-0.05154567329345108,-0.13361796371765844,6.173849105834961
1747634901.8470914,0.06313890548478435,-0.0815007906152147,11.2762451171875
1747634901.8711464,0.16259924461952097,-0.035525945541553666,8.349895477294922
1747634901.9252682,0.2622026140123442,0.0060736042810919265,19.23656463623047
1747634901.9629524,0.3278238147003314,0.02879697854470143,14.462471008300781
1747634902.0049324,0.478372566275252,0.06930570737305718,9.711980819702148
1747634902.0627472,0.5749379355701046,0.08290794860244818,24.040699005126953
1747634902.0971842,0.7047503170640261,0.10629780351153455,9.293556213378906
