time,x_tf,y_tf,x_pf,y_pf
1747641542.877802134,3.3,-6.2,3.292285879716034,-6.216757808131353
1747641543.038759232,3.273853579341453,-6.282116341769825,3.2923289021107798,-6.217507267088278
1747641543.073577166,3.240624692275871,-6.350959695406124,3.247763514817979,-6.351191574218445
1747641543.113834858,3.211360507504109,-6.402532411262998,3.2090192154480914,-6.420795339936123
1747641543.136228323,3.1793101632092036,-6.45312740941347,3.175560058521074,-6.465877089417712
1747641543.178027153,3.145360035068008,-6.501090814648894,3.150291551329398,-6.49464485131373
1747641543.215905905,3.0849641344253054,-6.575320019046671,3.1049944285641655,-6.551800973561194
1747641543.243798256,3.045855429166259,-6.617373084676023,3.043083501945123,-6.62762898231918
1747641543.273731947,3.0062205811737885,-6.656306096316569,3.0009830285482155,-6.666686893399555
1747641543.299075842,2.9930078349506744,-6.66837854300746,2.989646302857625,-6.677557505184556
1747641543.339170933,2.9523054311005033,-6.7033890795824655,2.930203032091819,-6.7219584405985096
1747641543.348538160,2.9242671742300224,-6.725640396119791,2.9066546675164853,-6.744946374735617
1747641543.376375437,2.909972812889987,-6.736410510645981,2.8800022865614787,-6.76140856628581
1747641543.385725021,2.8828892170538065,-6.7559861543157265,2.8702528318578158,-6.766016214822378
1747641543.416033030,2.855836815081785,-6.774225643398876,2.847703364518309,-6.787915653689309
1747641543.485169172,2.7860755903805914,-6.816470674939739,2.781372367632429,-6.832249737341221
1747641543.537281275,2.728256888965807,-6.846712795089768,2.7407843093525375,-6.846205988489586
1747641543.557994127,2.6892512732488916,-6.865231722370618,2.701241556763715,-6.87203368680711
1747641543.584976435,2.66346190781262,-6.876198482371588,2.6682584331075274,-6.884867599996752
1747641543.604289532,2.6505229008553406,-6.881578922107179,2.633192582042193,-6.8986776777877905
1747641543.640985966,2.6118153453179267,-6.8979792075992625,2.60743270140617,-6.910238488032372
1747641543.662140369,2.599011504156001,-6.903673369853282,2.5768779431193707,-6.923683343858532
1747641543.711043835,2.5474375382444063,-6.922975233024007,2.556917462023959,-6.930913133045616
1747641543.722756386,2.5089855602035285,-6.93444735704972,2.5217240407958332,-6.936338910378909
1747641543.742639780,2.4831398608682558,-6.941351002082088,2.503084384446482,-6.941237288825007
1747641543.775725842,2.444103099665979,-6.950643319443414,2.4483437277703555,-6.955551773455138
1747641543.800751686,2.417906818433229,-6.956071846900407,2.42519868767896,-6.959694965235628
1747641543.820925951,2.391594515799988,-6.960906802555496,2.3943023004023734,-6.971086399748016
1747641543.844276190,2.378392212704151,-6.963058052296415,2.3900197386353286,-6.975376339413858
1747641543.864250422,2.3653288546013025,-6.965258335371413,2.354554364294133,-6.973416687605206
1747641543.888182640,2.3394885430284913,-6.969796331595166,2.344276324607123,-6.973994931833799
1747641543.914339304,2.3265582955611883,-6.9720081995679015,2.323619642675489,-6.982819654722643
1747641543.956162453,2.2876477350225146,-6.977893683455579,2.3070073185382123,-6.9859004240571485
1747641543.977887154,2.274656048470137,-6.979710240011242,2.2745141899804753,-6.984526415471807
1747641543.993952036,2.261639375318153,-6.981337750085152,2.2468720708280805,-6.985877384204204
1747641544.024497986,2.222537131587483,-6.985774546354934,2.220701820386833,-6.992428381874143
1747641544.046954155,2.1964121938588494,-6.988187028452033,2.1918172304198666,-6.995262048915774
1747641544.073912859,2.1700505679125133,-6.990200513009264,2.1437599213800094,-6.999248361112376
1747641544.093451500,2.1283646456255076,-6.992549464526216,2.116067728042024,-6.996572180636245
1747641544.122224331,2.099695971104269,-6.993598183025063,2.0984737263640385,-6.995526657768573
1747641544.142198801,2.0852168568122718,-6.993985143484543,2.076908265436737,-6.9993271080375195
1747641544.171554089,2.070670747063312,-6.994167068170071,2.0348118683506637,-7.003564146724766
1747641544.199682713,2.0121341644871995,-6.995707614111935,2.0253250623550967,-7.001177173801346
1747641544.223399401,1.98245701825032,-6.996283390030862,1.9758210871412059,-7.012883801161953
1747641544.256125927,1.9510642847558186,-6.996609112124302,1.9554468611364302,-7.007619906489434
1747641544.278331995,1.934885767048813,-6.996609351244258,1.9314870687908798,-7.007200157630809
1747641544.301193953,1.901934197421997,-6.996401783648983,1.8865084940498444,-7.013344160624829
1747641544.333275318,1.8516555211459158,-6.995396710842499,1.8465376907202695,-7.011841625507457
1747641544.352429152,1.834775246626062,-6.994804251435368,1.8141529677784678,-7.014171258702674
1747641544.368709803,1.8009178540981965,-6.993391519190141,1.7905044909672652,-7.0129802788071585
1747641544.389658928,1.766144009120239,-6.991537373897878,1.7619231090059098,-7.012646890314429
1747641544.424132347,1.7118529022198106,-6.9878517574759815,1.7203135905029385,-7.001818868849842
1747641544.447829247,1.6749508333492955,-6.984872255503769,1.679279777721854,-7.001635084053872
1747641544.470259905,1.6563570763991082,-6.983659613581017,1.6470897870922394,-7.001045762877163
1747641544.488194704,1.6377096468933003,-6.982423726625516,1.6237853260355788,-6.995984576516315
1747641544.510216713,1.6002959659949048,-6.980034695345653,1.5896374353296008,-6.993881098858748
1747641544.539946795,1.543186356043417,-6.9762038427210635,1.5484255221239276,-6.9928134981423575
1747641544.563211679,1.503597248046612,-6.9733222016667495,1.4904759822331402,-6.991582733763798
1747641544.580688953,1.4835267756761137,-6.971756176745717,1.4509882188611343,-6.986750178129744
1747641544.619120836,1.3818289626782532,-6.963337916704659,1.3882646101643858,-6.976194351941274
1747641544.648656368,1.3185488871319222,-6.957420359886445,1.3211129241884598,-6.968206794039384
1747641544.672948837,1.274995631310594,-6.9531146334121035,1.2637901770733027,-6.963458036692185
1747641544.703868866,1.230837154125546,-6.949275382879665,1.2121330678445483,-6.960531394607414
1747641544.726107597,1.2086083110327832,-6.947598193150516,1.1514143668142127,-6.957197230219378
1747641544.755883455,1.1163717092808907,-6.9418193563387165,1.084996842526966,-6.950243361158182
1747641544.772005320,1.0926776217147272,-6.940559016090831,1.0558192233182728,-6.949376120842197
1747641544.804787874,0.9968305233066783,-6.935987212095265,1.0058496355673652,-6.9446746276388405
1747641544.836356878,0.9236890279950498,-6.933185884393529,0.9360989955783658,-6.945214945094593
1747641544.863119364,0.8735859643769777,-6.93164026727669,0.8892574398504717,-6.936011853962797
1747641544.890540838,0.7973768497760635,-6.929870846599993,0.8437897189438408,-6.942937490526115
1747641544.905373096,0.7718176189940541,-6.9293725346871105,0.7631508375842383,-6.941879568060066
1747641544.924282789,0.7206271669763087,-6.9286835836347,0.7367567895505366,-6.933957155522424
1747641544.953072309,0.6438026557817389,-6.928417340831601,0.632217741023039,-6.9309989133282786
1747641544.972398043,0.5925955832772171,-6.92988848929717,0.583575971384603,-6.933342366878757
1747641544.996567726,0.5168530853735603,-6.934267019664469,0.4988222106248552,-6.933517570247842
1747641545.018800974,0.4919608185755511,-6.936168624346475,0.45769324428658864,-6.940605684660249
1747641545.085649252,0.2951693207518,-6.9597811074981255,0.383871085467424,-6.948878363513643
1747641545.120907307,0.19883144287360321,-6.976549187774333,0.21283272033818168,-6.978969941430843
1747641545.152898073,0.12704897689207417,-6.989028591147272,0.12853418773108485,-6.994529655131315
1747641545.184791088,0.055328587397505014,-7.001859078038434,0.05318198170797299,-7.00915540440088
1747641545.235549688,-0.08728717236371908,-7.029058887841263,-0.01832468790846634,-7.025573120059713
1747641545.276435137,-0.18149662517859758,-7.048436131319737,-0.16188458124462318,-7.06136282488375
1747641545.302786350,-0.2047854556680451,-7.0533660709343105,-0.22753454948492488,-7.0721933537683555
1747641545.331194639,-0.2513028797024106,-7.06350629158106,-0.25659701098944854,-7.080313037362015
1747641545.357256651,-0.32095931738216665,-7.079254382565593,-0.3234255978242487,-7.095434103686256
1747641545.399322987,-0.4147387184046001,-7.101374781878157,-0.4185903638418819,-7.117325321746649
1747641545.454504967,-0.5093809355094174,-7.124835963538492,-0.4418902948402204,-7.125715046866057
1747641545.481661558,-0.5329649967545548,-7.1308176216652095,-0.5613945457244709,-7.160339525992861
1747641545.511578321,-0.5798810835537751,-7.1428854610548935,-0.6149047410411191,-7.174781014496232
1747641545.551051855,-0.627019850181652,-7.15405262623689,-0.6327397828200955,-7.1727215425577615
1747641545.576853037,-0.6742803629637966,-7.164693573778077,-0.6727513257894643,-7.1784208326386905
1747641545.605233908,-0.6979506496290051,-7.169833049993822,-0.7009480417795737,-7.185047854579877
1747641545.657988787,-0.8093866538100989,-7.193044067051949,-0.8163630762482529,-7.207847456058502
1747641545.670915127,-0.8537406702014844,-7.201791070225797,-0.8586920910245669,-7.216633696152686
1747641545.689383745,-0.8981416684455751,-7.210296373838971,-0.8778070122190124,-7.221409626778942
1747641545.720222473,-0.9626726576656401,-7.222138194019709,-0.9649385063961948,-7.236908368345773
1747641545.751218081,-1.0043018893086142,-7.229473852684487,-1.0057539097675299,-7.245405824978223
1747641545.778840303,-1.0459662503786755,-7.236607223955427,-1.068990765588102,-7.255094297491789
1747641545.809548378,-1.129399986352576,-7.250244703944211,-1.1287563557622406,-7.263842724434896
1747641545.849134922,-1.2084312441164553,-7.262268862916582,-1.1917685554985116,-7.272713536832676
1747641545.878304482,-1.247664773707882,-7.267946518799945,-1.24771022052319,-7.283649839850319
1747641545.909434080,-1.3065583029346395,-7.276159372359879,-1.3092497712123174,-7.291404545517387
1747641545.933499575,-1.344023420712635,-7.281170817329643,-1.362118359733822,-7.2969444335461775
1747641545.962298632,-1.417809236143566,-7.290470609778658,-1.4205944716430898,-7.3030370293590385
1747641545.987901449,-1.4732256870419957,-7.2967938309910805,-1.47748290029519,-7.307502186566926
1747641546.015158892,-1.525356469926575,-7.300693199748043,-1.5174146395847679,-7.31401351994949
1747641546.073100805,-1.6112453734887497,-7.304276042745244,-1.5806860485634169,-7.315127778542917
1747641546.109613657,-1.6737229024878375,-7.3052402786181965,-1.6627071004503533,-7.318717317548639
1747641546.148542643,-1.7353085144660052,-7.304539101252816,-1.7426779122137792,-7.322166086693905
1747641546.170539618,-1.7506999304209092,-7.304100798946793,-1.7750509514039359,-7.317577143883745
1747641546.194969416,-1.7814769162362183,-7.30305172690627,-1.7942765265529557,-7.318065840556993
1747641546.233343124,-1.8207788888727554,-7.3009935322299055,-1.8321120965826128,-7.318496957008649
1747641546.253406286,-1.833417716232276,-7.300159178821283,-1.8552362650803869,-7.324618444100867
1747641546.279606819,-1.8586915070294565,-7.298439206437616,-1.8823914621094138,-7.321765123541382
1747641546.303057194,-1.8839492673574276,-7.296498325870576,-1.9062170812348271,-7.321476304587509
1747641546.340645313,-1.921804235865553,-7.293198712347914,-1.9182251349051405,-7.3227313392904945
1747641546.368120909,-1.9470114064949704,-7.290680751116887,-1.9538868245431076,-7.321732886974581
1747641546.404170275,-1.984755065113357,-7.286301028196868,-2.0000244343950335,-7.312257396845879
1747641546.424818277,-1.997265710441104,-7.284323171697777,-2.0201608686165,-7.307309985742669
1747641546.468411684,-2.0631972932199396,-7.272351629775817,-2.0617078692480155,-7.295692466117005
1747641546.517218590,-2.1174732772862015,-7.262497634022453,-2.1040536121365956,-7.285862928800872
1747641546.562829971,-2.1496656274488557,-7.254806721975955,-2.162819633984168,-7.276336614192292
1747641546.608313084,-2.2025882877127096,-7.240617900015842,-2.219624340756111,-7.259769787924547
1747641546.637770414,-2.2232820723253433,-7.234529428606847,-2.2259102514654545,-7.262615609682996
1747641546.678890467,-2.243893068370887,-7.228166302552636,-2.2561212967684776,-7.259206841718483
1747641546.707447290,-2.2745953209913496,-7.217961412027483,-2.2778488065220044,-7.239081196980698
1747641546.740613461,-2.294471846341825,-7.209594149687861,-2.311914949752807,-7.234003520125343
1747641546.765335321,-2.314009167023956,-7.200454430933007,-2.3307128516246323,-7.224235009492509
1747641546.793414831,-2.333472542888057,-7.190750084761223,-2.352755267044249,-7.217250833779019
1747641546.814038515,-2.352924782358323,-7.180464942954199,-2.3679976417616904,-7.210209523987191
1747641546.839744329,-2.3722519583552795,-7.169649354254239,-2.387076989214237,-7.204680930813218
1747641546.885763884,-2.410275404415866,-7.14653262159529,-2.4245155360144106,-7.176845963792142
1747641546.912357807,-2.419646317058351,-7.14049411564189,-2.436397206183907,-7.168051056521294
1747641546.945407629,-2.428897555203789,-7.13426557378018,-2.454278538681348,-7.148961259764197
1747641546.983170986,-2.4653191803141943,-7.1083250172953045,-2.48121554744336,-7.128908492461258
1747641547.027521133,-2.4925487456185733,-7.087186619634272,-2.5084087364442813,-7.111006055121083
1747641547.092693090,-2.528204521545185,-7.05686581633148,-2.533859148837506,-7.084845728389777
1747641547.126659155,-2.570829046234854,-7.0161392583167,-2.5790000094760113,-7.050846660466524
1747641547.158211946,-2.5953231273790704,-6.990311192685777,-2.5969592858033685,-7.028985249564007
1747641547.189781189,-2.611683630961981,-6.971896351882304,-2.628549756095201,-6.983274579304447
1747641547.218893528,-2.635910497359938,-6.942671207055625,-2.656476950364069,-6.959450902565726
1747641547.241681337,-2.651624634885815,-6.922393372731287,-2.6806118509642913,-6.927327122717216
1747641547.279881954,-2.6815419284341373,-6.880278690663353,-2.6929507263583172,-6.9063218754425515
1747641547.309701204,-2.702625129848545,-6.847606898211154,-2.719066321976621,-6.858860320485166
1747641547.342098951,-2.7245286182822177,-6.8132754947321725,-2.7466790447342353,-6.812287992554284
1747641547.376434088,-2.753644004245421,-6.763778089930853,-2.767824248726321,-6.786934757975817
1747641547.414142370,-2.780962525498186,-6.711817642303838,-2.7784073552782322,-6.749328671236975
1747641547.436669588,-2.7873877474102295,-6.698533162679932,-2.7989623711714886,-6.70675697705168
1747641547.475541353,-2.8061365406852996,-6.657581292684341,-2.8051568203517876,-6.693388057471904
1747641547.503379107,-2.812219530895093,-6.643275027993983,-2.814350987463738,-6.662137817639068
1747641547.558981180,-2.8372237470518966,-6.584766509387408,-2.8468891223334003,-6.596751796784921
1747641547.585944891,-2.8609537970168977,-6.5246143619899994,-2.8723298747753927,-6.5315634628290935
1747641547.614631891,-2.8665110893369183,-6.509364163278892,-2.8879125872950815,-6.505450654255338
1747641547.639623880,-2.877490315309582,-6.47812503187599,-2.890808202051493,-6.482023467481326
1747641547.672735929,-2.893336094094785,-6.429400111072908,-2.904353307079756,-6.4310843632749135
1747641547.709831715,-2.9124609366190954,-6.362479169304563,-2.9212848036016514,-6.38041957059241
1747641547.745491743,-2.921036947916955,-6.328514587157486,-2.9383168135963924,-6.323301058206521
1747641547.782459497,-2.939594397445845,-6.241472902442613,-2.9474696580889215,-6.263244889034426
1747641547.818161726,-2.9459757986284476,-6.2052094530366855,-2.955060545009802,-6.206831964050676
1747641547.853765488,-2.951629536912447,-6.168466561132713,-2.9630307635722364,-6.170344477296225
1747641547.865456104,-2.9542064553531873,-6.1499755939937,-2.968446943790498,-6.138341208303561
1747641547.892807245,-2.9612935579327804,-6.094077532254484,-2.971010522742408,-6.100483905259894
1747641548.052362442,-2.985900164402021,-5.815279162293853,-2.9788312620869624,-6.045734930704782
1747641548.097924948,-2.9872888847567274,-5.7732302726140805,-2.9978881975846616,-5.760579480889281
1747641548.158971310,-2.9881632925158765,-5.709766437395622,-2.9905325185367264,-5.7081476669175135
1747641548.193039656,-2.9881904653481444,-5.688398933151029,-2.999393969062811,-5.662841605321123
1747641548.246547222,-2.9871529752783617,-5.622836375300365,-2.9938474307572887,-5.630195744521801
1747641548.261136055,-2.985635509694751,-5.578448663709197,-2.988187477056137,-5.584765010135208
1747641548.309681892,-2.9820794878045254,-5.511436402313795,-2.9882684200749092,-5.516472763422234
1747641548.327991724,-2.980474697449409,-5.488896466429259,-2.982112982471498,-5.497336830088387
1747641548.351221800,-2.978744405015624,-5.46607100534396,-2.97852423507357,-5.450759638830065
1747641548.389374733,-2.966931693516205,-5.34983118791756,-2.9797688839437675,-5.380477200798849
1747641548.412245989,-2.9575785814641793,-5.278907965891746,-2.9752540759316957,-5.331163671035806
1747641548.431984663,-2.9575785814641793,-5.278907965891746,-2.963518242730538,-5.2597408247545925
1747641548.471800566,-2.9483096323078377,-5.206014644765109,-2.9581844062470997,-5.2087649094994095
1747641548.513501406,-2.9386513369985483,-5.132257529555795,-2.9503480645699227,-5.1302872634790875
1747641548.579045057,-2.924858173860982,-5.033331714910812,-2.9340082969080323,-5.053626253591851
1747641548.607012510,-2.9212078513087856,-5.00820820829119,-2.9340794515848896,-5.0155250003664795
1747641548.648250103,-2.917382963625034,-4.982903459063006,-2.9224845096535,-4.963866870854015
1747641548.655019522,-2.9135380179877584,-4.957446330529074,-2.9195662911563596,-4.933571425889125
1747641548.683691740,-2.905499626896791,-4.9062650980374425,-2.909038737015798,-4.90703311063214
1747641548.753705740,-2.878736519233717,-4.748217478266414,-2.8887552544695994,-4.781716357107105
1747641548.794475317,-2.852111235105892,-4.614300092054842,-2.879557588681122,-4.733012909573734
1747641548.811421633,-2.8457272157537057,-4.587622443979881,-2.850870173494654,-4.594736474431298
1747641548.840329170,-2.825004381090855,-4.507885249326274,-2.8398175224035587,-4.543438361805625
1747641548.893130779,-2.8019281696115983,-4.426569508259314,-2.8154060229281113,-4.462837745617213
1747641548.933657408,-2.76180452209805,-4.286391936467164,-2.7767463372696026,-4.32764629483124
1747641548.993060350,-2.7361990442642714,-4.200192444766468,-2.7436426947383414,-4.203378745732439
1747641549.030561686,-2.6907514462763644,-4.0546052724654675,-2.6981963254285057,-4.057137118765862
1747641549.072335720,-2.638973950432091,-3.9070260278193847,-2.6329624597449577,-3.8817920452983636
1747641549.122660875,-2.577057889843409,-3.7592826198566516,-2.5964832582088513,-3.7922062438476147
1747641549.146059036,-2.5635497093937203,-3.729940019899821,-2.5491371519122525,-3.702457843981913
1747641549.196436882,-2.4904143783759776,-3.583515612327309,-2.5095630181976287,-3.6137767892264994
1747641549.228240967,-2.442657333085743,-3.496212590749761,-2.4475115862464882,-3.4970564184512356
1747641549.266698837,-2.377266456735008,-3.3788507560528203,-2.3991736195425943,-3.414350183997119
1747641549.292439222,-2.3275021110626866,-3.292112867566542,-2.381429608437031,-3.387319544476723
1747641549.315630436,-2.3275021110626866,-3.292112867566542,-2.3320815972912614,-3.2992130231264367
1747641549.342864752,-2.2937331784225226,-3.2348098984071703,-2.2981516778833795,-3.242257963670126
1747641549.361984730,-2.276190195423901,-3.206556379759999,-2.284563179165862,-3.2176378978691154
1747641549.382626534,-2.258337040018994,-3.1784977145350015,-2.2480609679471883,-3.1583674275350124
1747641549.421628714,-2.2029960773588684,-3.0964378516960434,-2.2078726632399004,-3.1040266563201486
1747641549.447070360,-2.1840691316481577,-3.069733849016392,-2.1873676784794855,-3.076517691630752
1747641549.494636297,-2.125371294998242,-2.9913020776761674,-2.129766868426068,-3.002114274842119
1747641549.523107052,-2.0851832393290817,-2.9407729338471458,-2.090401258581011,-2.9481539466125803
1747641549.557854891,-2.0226868401394595,-2.8667969323450517,-2.0453247648400334,-2.896702745382046
1747641549.576275826,-2.0012384355887587,-2.842670352496608,-2.0251090869168054,-2.871873233197168
1747641549.593951941,-1.979826119850176,-2.8187647909902127,-1.9804500782918095,-2.8200462819408454
1747641549.615866184,-1.937278580415638,-2.7712136674857453,-1.9260816127748082,-2.759969997735859
1747641549.651997805,-1.851774400803427,-2.6774722288539565,-1.8513231003212272,-2.6710768839243326
1747641549.688672781,-1.8302314854687296,-2.6542254157368332,-1.8296475899484406,-2.6516210444408763
1747641549.732124329,-1.7425320043104922,-2.562809424470361,-1.7711160107593493,-2.5946711084659113
1747641549.767948151,-1.6741561210852893,-2.4974828679082735,-1.6976633195557316,-2.518909511927306
1747641549.788128853,-1.6508099156556038,-2.4763002276670107,-1.6530904727143199,-2.475097138274373
1747641549.821940899,-1.6035143433121701,-2.4347475325618375,-1.6051126485920657,-2.4344733518482307
1747641549.880946159,-1.531160242955848,-2.3746947762149513,-1.5560360209507085,-2.3995554321669426
1747641549.926392317,-1.3808624703628027,-2.2624607642177024,-1.4082295046249622,-2.281490999542085
1747641549.964362860,-1.3031926725452772,-2.2104338261433223,-1.300004970850786,-2.211593732341759
1747641550.011895180,-1.2242414591313755,-2.1612148117722554,-1.2210356909125755,-2.164187599912776
1747641550.031879187,-1.1707432548646917,-2.1299446398416317,-1.163203615810163,-2.13207922264677
1747641550.057892084,-1.1168652421932053,-2.0998726448108047,-1.0959079728662076,-2.0941381559959478
1747641550.110096455,-1.0361087182430622,-2.0549280286587837,-1.0446256848124305,-2.0627970999060294
1747641550.148511887,-0.9549430979279707,-2.010727041636497,-0.9915792963570135,-2.030070257703421
1747641550.177478552,-0.9278917051834127,-1.9961689974965502,-0.9336028074800142,-1.9973005430865305
1747641550.204435349,-0.8733664564157105,-1.9682386775471625,-0.8747852328532898,-1.970598497696852
1747641550.253265619,-0.7902505795868608,-1.9290446985389709,-0.7960993858781765,-1.9368798565294731
1747641550.300662756,-0.6779460160813369,-1.881576908541141,-0.6987497053354575,-1.8909873779741142
1747641550.314761400,-0.6495527017754578,-1.87054303675271,-0.6372544320290032,-1.8674796976845522
1747641550.344136000,-0.5638068681935877,-1.8391908371805112,-0.5920017172841905,-1.8524106016323096
1747641550.387202024,-0.4774462887410972,-1.8108967567892549,-0.5048949054256419,-1.8288474668284633
1747641550.424646378,-0.419386073464723,-1.793585556522972,-0.45659631203777207,-1.8111460895534097
1747641550.458537817,-0.3612037169228769,-1.7776091225133999,-0.3673306957656573,-1.7858859414193917
1747641550.481268883,-0.3320350840609086,-1.770070459706268,-0.3181417488665723,-1.7733499951026375
1747641550.560816050,-0.12630499995169692,-1.7266542890351426,-0.1982168519179778,-1.7475848349131977
1747641550.603684187,0.05114692298867338,-1.7020163083750743,0.016651177935369906,-1.715037426009843
1747641550.637609482,0.1103344738716726,-1.6963911643554574,0.08449649991520108,-1.7106262672954542
1747641550.674826384,0.13996709483210465,-1.6940139179637947,0.12523566575998513,-1.70353233656476
1747641550.684819937,0.16949236010585686,-1.692048343503631,0.18982288732235683,-1.7022751877252003
1747641550.711900949,0.198895037903445,-1.6903185496669555,0.24668411857658962,-1.6991505545188872
1747641550.756675005,0.3166007664270095,-1.6852796037720843,0.31160767988054766,-1.6983506652344045
1747641550.780183077,0.4335905261821037,-1.683252168413833,0.3953051364395464,-1.6968368219560297
1747641550.796681166,0.4335905261821037,-1.683252168413833,0.4270270667757685,-1.6962642542285689
1747641550.823410511,0.46272099137503536,-1.6834382934087557,0.5176611978214462,-1.698214448402952
1747641550.850663900,0.4918482954661914,-1.6839120425540823,0.5454752239018295,-1.6961966275377076
1747641550.875033140,0.608025200833211,-1.68925890557058,0.5997731283736631,-1.705971077971097
1747641550.961593628,0.8094892354534042,-1.7104370777161444,0.6787164382983909,-1.712045383045391
1747641551.013359547,0.9516694874674131,-1.7343795690958241,0.9364883148421614,-1.7490121634783882
1747641551.064084530,1.0919874962873357,-1.7656483375187149,1.0527895323903602,-1.7738977556695918
1747641551.089447021,1.0919874962873357,-1.7656483375187149,1.0898886738632696,-1.7842639536508333
1747641551.133671761,1.1474674063209989,-1.780117482266679,1.200358440608544,-1.8136145272303452
1747641551.162861586,1.230109429228472,-1.8039226248870919,1.2515657605210926,-1.8307639851412425
1747641551.184761047,1.2847711849326382,-1.8212307104666579,1.3086193275735774,-1.8459021270603808
1747641551.214913130,1.339023623178752,-1.8396416567339067,1.328273338693295,-1.8524266673355263
1747641551.236660480,1.3659260407166105,-1.8492831555466893,1.3889296712202157,-1.8782279539130864
1747641551.252715588,1.3927566746024396,-1.8591227146376639,1.4205588274156729,-1.8888183771314075
1747641551.283882141,1.4460424518073325,-1.879688795110083,1.4472238789032106,-1.897196502216599
1747641551.306359529,1.4987857739659591,-1.9013048293267987,1.498053061581322,-1.9205138858173763
1747641551.325454473,1.524971870280072,-1.912555448576956,1.5173991525808754,-1.9303518696892688
1747641551.360612869,1.5510750369296828,-1.923997216611453,1.5416029154019202,-1.9396833543761252
1747641551.374947309,1.6028895481739378,-1.9477536525375667,1.5931065472860244,-1.9667337770745326
1747641551.397949219,1.6285941173930818,-1.960064755313417,1.6678376943375068,-2.000853239624264
1747641551.420857191,1.7049195558004837,-1.9983674242154958,1.7113300228247605,-2.018223914068363
1747641551.457938910,1.7550626274387098,-2.0251874791423767,1.7520768568528045,-2.043644443778297
1747641551.486876488,1.7799057214756275,-2.039016491566573,1.8036147825128233,-2.0645938221670823
1747641551.518636942,1.8046225978137875,-2.0530109199966784,1.825917967542324,-2.085839945312025
1747641551.545535088,1.8777356874110487,-2.0965998572420563,1.8728347318978262,-2.1118619315605343
1747641551.589164257,1.9257378775570926,-2.126867207759145,1.9103597727808608,-2.133005438260896
1747641551.621432066,1.9731149901259466,-2.158103920870088,1.965844286208212,-2.1685840063019617
1747641551.648325205,2.0198044922359197,-2.190267526786776,2.016136932915861,-2.2072336609567063
1747641551.667979956,2.0658158856374653,-2.2233641981429524,2.0412482698275434,-2.2200439515723667
1747641551.681753397,2.088592166904534,-2.2402279337323745,2.0748311475324006,-2.2498696536934735
1747641551.699498415,2.1111458089730837,-2.257388252733003,2.0855644173709145,-2.2614232398407017
1747641551.722195864,2.133575218369012,-2.2747106708090263,2.1106932865414842,-2.272416007551669
1747641551.749289274,2.155767358199058,-2.2923183650524273,2.1348999141017213,-2.2913261706128356
1747641551.770339012,2.1778237846819346,-2.310078330997395,2.161041607659522,-2.309232752594067
1747641551.796064615,2.1996457189254297,-2.3281256099852543,2.178817150001725,-2.325504696023301
1747641551.821174860,2.2213370173523583,-2.3463297284543296,2.1963538492297037,-2.339279561496335
1747641551.847369194,2.2427882807535053,-2.36481605877498,2.253233046099679,-2.3881846012539354
1747641551.866007328,2.264105937385084,-2.3834563345744604,2.283471916766732,-2.4140673425382526
1747641551.889131784,2.285175483104488,-2.402371584964162,2.3039004969076604,-2.429222218157986
1747641551.916838408,2.326785460546002,-2.440771724569797,2.344090624472249,-2.4707286686479497
1747641551.937221289,2.3473252692434854,-2.4602561131881853,2.382655645754533,-2.5013049030603907
1747641551.956911325,2.367608580064047,-2.4800073459797645,2.385303183261885,-2.5127548711238474
1747641551.984439611,2.4076297761377075,-2.520063395716602,2.4209868044517675,-2.5528832863770403
1747641552.010101795,2.4468393093417617,-2.5609300896100153,2.455914819487431,-2.5919904585877056
1747641552.036237478,2.4661645557829095,-2.5816332392030192,2.500198304525191,-2.6267881274915283
1747641552.071378231,2.5227518753646665,-2.6450206735480997,2.5368230928113698,-2.6947279289953388
1747641552.117733479,2.6128449777498806,-2.754389092928439,2.579303522584916,-2.7484696338116197
1747641552.137287617,2.6301604831890666,-2.776842005513819,2.620569099243108,-2.7915034709770565
1747641552.186611891,2.7135351432032646,-2.891602930963116,2.663459619943513,-2.862931141836257
1747641552.237997770,2.7606964054308163,-2.9625020487124947,2.730544063150644,-2.9478441522239476
1747641552.266039371,2.820260778932097,-3.0592268821685416,2.776837039624065,-3.0411236805870097
1747641552.330551624,2.90214438137001,-3.208680786902528,2.819465257618617,-3.111455531820096
1747641552.363202572,2.9273958916833074,-3.2595730025589047,2.8743345164449194,-3.2096739666642367
1747641552.381184101,2.96329300179078,-3.336687051639012,2.9351783792896025,-3.344033644765782
1747641552.412724972,2.9974200378710614,-3.4144317960464172,2.9833000946199872,-3.4451950276972916
1747641552.434555292,3.0202009175942073,-3.4662995802430356,3.0111107288376435,-3.489780185986903
1747641552.482017279,3.0874693569559155,-3.6238576196938777,3.0462663611026453,-3.590663931248393
1747641552.501545906,3.0874693569559155,-3.6238576196938777,3.087875243523982,-3.6653071950292038
1747641552.534297705,3.1204034122858593,-3.7042623154119036,3.1100519284857966,-3.7257387667925683
1747641552.557595730,3.1313144271580646,-3.7312693154026233,3.131376974655133,-3.7786112740763107
1747641552.578273535,3.1528389570738122,-3.7855500233339723,3.140004385910511,-3.8072146803385354
1747641552.629139662,3.163497893246267,-3.812938187932367,3.1490671643687813,-3.839215492260737
1747641552.656694174,3.1848812235005877,-3.8685049610906717,3.1590533621839234,-3.8555459925727145
1747641552.686607122,3.1955632580906546,-3.896569966465672,3.170768876405282,-3.88394229318633
1747641552.728072882,3.2255975687519087,-3.982122758709217,3.1927397592179734,-3.9565932641947215
1747641552.765253305,3.2438625753234946,-4.040043954934747,3.2178343169965546,-4.010257901196036
1747641552.794066429,3.252502428465059,-4.0692934880671325,3.2373960892957223,-4.075819619532769
1747641552.822763205,3.269026237436559,-4.128498261290118,3.255294375258007,-4.132968874111084
1747641552.850132227,3.276891688103899,-4.158375205427139,3.268320784230201,-4.19336391866361
1747641552.875981808,3.2916316877171243,-4.218588002687605,3.285591542253649,-4.250637910989339
1747641552.914361000,3.30525449017941,-4.27925006611519,3.298163532241587,-4.312664647505724
1747641553.065639973,3.399463702381051,-4.779864351430236,3.313985439053,-4.376692638162912
1747641553.075573206,3.399463702381051,-4.779864351430236,3.3846988402822418,-4.788207602641373
1747641553.101435900,3.407137845941957,-4.864202069926677,3.3904743937121644,-4.845598485032864
1747641553.125401497,3.4090325303740228,-4.8923683061060395,3.394570619539197,-4.873918360067889
1747641553.152230501,3.4107161273867614,-4.920547976360952,3.3956805141060573,-4.899677210820251
1747641553.165019751,3.4120255590072235,-4.94874748834887,3.397372185309576,-4.927779309570254
1747641553.182925224,3.4120255590072235,-4.94874748834887,3.387497278064668,-4.9667786349542595
1747641553.198642969,3.413804589341542,-5.00342221070366,3.389138924167231,-5.018729880573987
1747641553.210507870,3.414421751100272,-5.030475467960453,3.39710633307856,-5.044223339234023
1747641553.228125811,3.415180810128436,-5.0575250740002184,3.3946623707183132,-5.0662611439754155
1747641553.259158850,3.4157586506221063,-5.1116400506414195,3.3950000351212553,-5.090459864308153
1747641553.299357414,3.4155667771117018,-5.138699517320094,3.3971819706813093,-5.114388609733202
1747641553.322905302,3.414281922501955,-5.191062285085351,3.4023394917384393,-5.199803865927861
1747641553.347998142,3.4131855734306353,-5.216938369322548,3.396830381854872,-5.248107458542295
1747641553.372784138,3.4102545576797607,-5.268652884401627,3.392151620663022,-5.278021060161545
1747641553.397974491,3.4084430888432005,-5.294488820919756,3.39311427636561,-5.306812464275669
1747641553.468433619,3.389221209761617,-5.469482460719439,3.382543117649579,-5.4319724595859125
1747641553.501535654,3.381713693777888,-5.518388803332885,3.3742057807031,-5.524002265321752
1747641553.525566816,3.3735866698094434,-5.565570646863897,3.3667020302108046,-5.571951527872708
1747641553.559813261,3.3692698807121464,-5.588845647792565,3.35343294612228,-5.613796635546023
1747641553.585646868,3.354915576973871,-5.658393616102374,3.339886726959936,-5.68603629972584
1747641553.620208502,3.34437088671297,-5.704547356584164,3.3260499230561145,-5.728427498150833
1747641553.657983065,3.327261865343464,-5.772937615874512,3.317796259001114,-5.778276917796174
1747641553.689532757,3.3213111279588188,-5.794781136956505,3.3122557681183826,-5.80370142762904
1747641553.742463827,3.315251919529872,-5.816594843847778,3.3040077729664383,-5.829145448409777
1747641553.768396139,3.308926717061046,-5.838332888425555,3.286070392965955,-5.890010261930528
1747641553.818018198,3.274851041604628,-5.946272056749923,3.2758334684526846,-5.928611289882336
1747641553.865186453,3.236034521129742,-6.049156609850351,3.244194299621396,-6.014222879998981
1747641553.906521320,3.199513411593758,-6.127542890510262,3.1994335319654326,-6.117957631236637
1747641553.958047390,3.149613234957101,-6.219293298411585,3.1819804638930878,-6.157395293358584
1747641553.994328022,3.1282431667888315,-6.254741783107075,3.1357803308232075,-6.255515745324479
1747641554.052728891,3.084159756988887,-6.322018415703968,3.09082705927619,-6.314604076666448
1747641554.071241379,3.0726445794776547,-6.338506130553934,3.062974092118996,-6.3622940005126525
1747641554.096611500,3.060860320010913,-6.3548025642841575,3.0432171142222932,-6.385273047353573
1747641554.128639698,3.0489464390374,-6.3710045263119675,3.02200976884425,-6.418540817708887
1747641554.177324772,2.9878517857084286,-6.447787692258988,2.982402691819145,-6.461232647746105
1747641554.221796513,2.936969158733912,-6.505005460573155,2.946713467140453,-6.504558754752576
1747641554.251309395,2.897567479358887,-6.545927105546178,2.9216864988425537,-6.530724857491367
1747641554.264410019,2.897567479358887,-6.545927105546178,2.8886054828599232,-6.558362097574997
1747641554.317005873,2.845740829240242,-6.595308740025821,2.8705184689599257,-6.5818166116601535
1747641554.352510929,2.8324193255933863,-6.6072613511795115,2.801910135392739,-6.63718668653528
1747641554.396275520,2.7659946525298458,-6.663606907343779,2.7708991452187512,-6.660118583209168
1747641554.429772377,2.7404046087196985,-6.683849790857522,2.7280624559053166,-6.698572477252647
1747641554.479585886,2.689393579970535,-6.724547274277397,2.703613617622711,-6.722346208280748
1747641554.512445450,2.6510931920430765,-6.753107212182161,2.6513852828631395,-6.759647552508215
1747641554.546460867,2.6033390893309796,-6.782430399181439,2.6022542768131887,-6.7909928278893
1747641554.594911337,2.567692293249876,-6.804711342942695,2.568298121824407,-6.811338403065014
1747641554.635870934,2.532077059860584,-6.823863119509709,2.5284626535811974,-6.837670041961355
1747641554.683659792,2.495816811847164,-6.841049791955928,2.481026601892903,-6.855342507275579
1747641554.729171515,2.421657203756337,-6.87169456328409,2.4323878595749373,-6.878542582654576
1747641554.781670094,2.3333774987496527,-6.900833496098431,2.3704771467592107,-6.901330625391721
1747641554.828485489,2.282624178490218,-6.914140150585309,2.293951133109446,-6.914304289138067
1747641554.870220184,2.231569933980541,-6.926251758714769,2.2658623162201783,-6.925805560812528
1747641554.926297188,2.1803592686581994,-6.9376757291442495,2.1854197884881104,-6.944050603142171
1747641554.965302467,2.1262682381597524,-6.948016314655762,2.1154602463664682,-6.962523844058852
1747641555.034605980,2.0257251630379516,-6.962533636342521,2.0430427718983863,-6.970472031965597
1747641555.101476431,1.9488386874367243,-6.9695310918994755,1.969612104163668,-6.989993431452762
1747641555.185509443,1.7980118174594182,-6.976308802555143,1.8473038285732504,-6.990140783312338
1747641555.233980179,1.7452430972409405,-6.977682443898948,1.7745430108431304,-6.996307636164058
1747641555.268626451,1.7270793047651591,-6.977891458628823,1.735585734843914,-6.991325458215522
1747641555.295585871,1.7087430558196202,-6.978063436551466,1.7201756564250261,-6.991722604800571
1747641555.317680836,1.6902769894794092,-6.9780416488865225,1.6973378361705211,-6.994692627889358
1747641555.342172146,1.6717142214551435,-6.977979428488624,1.685261648309705,-6.9935788904939
1747641555.365961075,1.6530806620520244,-6.977714805825906,1.659442032984836,-6.995460706005742
1747641555.386381149,1.6343932872772957,-6.9774079415562,1.6404802822565672,-6.991678164198556
1747641555.413139105,1.6156696391981593,-6.976893920067481,1.6223472414128135,-6.993607764524584
1747641555.433305264,1.5969165710342126,-6.976336734839277,1.6143739745473011,-6.989846450198833
1747641555.458151340,1.5781479433836543,-6.975569852836509,1.5818015191823986,-6.991121129253248
1747641555.481344223,1.5591403405575195,-6.974747794478895,1.5670913562906719,-6.992348496192875
1747641555.516039610,1.5397377899826652,-6.973716592897881,1.551809589926403,-6.993151495726858
1747641555.539244175,1.5200355953847895,-6.972607916762246,1.5165475610865349,-6.990167906808328
1747641555.560378790,1.5001189246983553,-6.97127951925151,1.4837732422473997,-6.9873559436111545
1747641555.578242302,1.459794625894943,-6.968967736658572,1.4467960756784857,-6.984828022058481
1747641555.613020420,1.4190628263892107,-6.966920447310731,1.408412502480624,-6.9833280250447824
1747641555.649733782,1.357358726374509,-6.963639960987223,1.3432053819434417,-6.971826350447897
1747641555.686232567,1.292908369108815,-6.95987919461483,1.2699647825377078,-6.966927242218686
1747641555.735619068,1.2045153451975508,-6.953933485787104,1.1665908208987703,-6.959618982249234
1747641555.771961451,1.1373267910415354,-6.948768202741311,1.127261725216934,-6.958159394987211
1747641555.799519300,1.091032301427849,-6.945636492323296,1.0512901417164133,-6.951567102999767
1747641555.861611843,0.9471381216693783,-6.9393550282763306,0.9632989928412647,-6.9493244669968846
1747641555.914026022,0.8718925983318032,-6.937134906147297,0.8820153589174121,-6.944419885056473
1747641555.944314480,0.7954888484290525,-6.935625714946838,0.7390492245471912,-6.9401223593302745
1747641555.992866993,0.667416589828497,-6.934515651383362,0.6733131986786937,-6.941388226687366
1747641556.045002937,0.5649546386364329,-6.935855515644272,0.5760486756817847,-6.9432398847005725
1747641556.078765154,0.5396861154058674,-6.936950645291016,0.5495384114251178,-6.941114612782103
1747641556.100727558,0.48985555004645254,-6.940087103633916,0.4792861920266887,-6.9473071976611545
1747641556.133853912,0.3904285186816852,-6.949314120689217,0.4027703466211877,-6.952920062784946
1747641556.155984879,0.36584496079462614,-6.9522160422488035,0.36424112619216636,-6.958825938183188
1747641556.191704512,0.34148585840704143,-6.9552217847310915,0.335552416959476,-6.963121919023839
1747641556.230534077,0.2928680217747472,-6.9619956849063716,0.3020702666639064,-6.966809017064682
1747641556.297179937,0.19603732656322725,-6.978163027891132,0.21277751855453533,-6.983297817645449
1747641556.326812267,0.12431305737667578,-6.991682388871041,0.1436539703993248,-6.9924945605550475
1747641556.364883184,0.07653937327224145,-7.000456862152771,0.06344852421138827,-7.010179702717877
1747641556.385120630,0.004940379802439332,-7.013948334634619,0.02774051562575707,-7.016688973450337
1747641556.443224430,-0.13741852639117103,-7.042461954259302,-0.09302605339110324,-7.043863905916001
1747641556.475078583,-0.20783031147541567,-7.057463662745333,-0.16782103104742577,-7.064362899259593
1747641556.537832022,-0.3239199964397307,-7.0837266255712095,-0.27750132358859075,-7.087733139342788
1747641556.565044165,-0.3471886493369048,-7.08915349319516,-0.3714825051525005,-7.113499004753528
1747641556.596481085,-0.3940744179104467,-7.100378052735522,-0.3986332828535801,-7.120371469767547
1747641556.629797220,-0.44123999483432075,-7.111953001264112,-0.4474386632844794,-7.129472086308907
1747641556.645740509,-0.48853213296365233,-7.123845509464803,-0.5198192486378738,-7.152084937941678
1747641556.680666208,-0.5355743711699895,-7.13581233435131,-0.5647196852060996,-7.161043083949563
1747641556.706651211,-0.5827421363425475,-7.1468563988414395,-0.615590627949801,-7.1732503547292925
1747641556.747740507,-0.6537124763179087,-7.162458049592367,-0.659017808699211,-7.182616132876645
1747641556.785365582,-0.6773952905968087,-7.1675395587059185,-0.7342817073834441,-7.200033205961523
1747641556.815253258,-0.7937118252374982,-7.191110428172724,-0.8251058892703648,-7.218540616503893
1747641556.842963219,-0.8825675421174397,-7.207833984530977,-0.8864257893379854,-7.226345507541723
1747641556.885807276,-0.9694321927278126,-7.223193189983906,-0.9367414281129463,-7.233622090792362
1747641556.941287756,-1.0737151403402427,-7.240296807582817,-1.0533793865649956,-7.251272481123296
1747641556.990446091,-1.1749567506203191,-7.255591584770089,-1.158055981267653,-7.266895420992579
1747641557.029683828,-1.2338337754222082,-7.263921640445265,-1.2384622061442594,-7.278530884448745
1747641557.063380957,-1.2927836049754289,-7.2717200145880545,-1.2952267172143292,-7.284695533946513
1747641557.105909109,-1.331501643571981,-7.276624390483244,-1.3389838666516278,-7.293527327994624
1747641557.130955458,-1.4053337234196077,-7.2855443195268625,-1.3899445194573383,-7.2951476878919115
1747641557.162983894,-1.44228465604654,-7.289707488535236,-1.4464045116747781,-7.301531930704378
1747641557.193947554,-1.497110967384475,-7.294877407578253,-1.4979503383624628,-7.303349367655606
1747641557.229601383,-1.531428631611884,-7.297039528263183,-1.541254182050183,-7.309787330248463
1747641557.262391090,-1.565782604872645,-7.298534353266806,-1.552456823122356,-7.316331445281899
1747641557.281244278,-1.5829656019985698,-7.299138338374051,-1.5888006254101599,-7.318096293404884
1747641557.331049681,-1.666227357411616,-7.300204094007203,-1.6465216901170827,-7.31815706774778
1747641557.365309238,-1.681624811815246,-7.300121149743548,-1.6896030259683064,-7.315195464836801
1747641557.430205107,-1.7739156253334196,-7.296031485270931,-1.7717135686825751,-7.309465139326248
1747641557.468516827,-1.8186511791904907,-7.293206201956282,-1.823717151504406,-7.3160938357525085
1747641557.514515400,-1.868966231781761,-7.287310281413476,-1.876697946328891,-7.309091661216399
1747641557.550667524,-1.8941338814261923,-7.284425626700682,-1.904078778816302,-7.309201628336762
1747641557.580731630,-1.9067189193657235,-7.282992964668271,-1.9263907182506854,-7.308826696711684
1747641557.613465548,-1.931860624930229,-7.279888715230198,-1.9416908037943095,-7.305997070739712
1747641557.641386271,-1.9695123448330865,-7.274766988972865,-1.9809132305156276,-7.299298025847284
1747641557.679692268,-1.9946601567349813,-7.271722983645371,-2.002895712784332,-7.295440182608257
1747641557.724312305,-2.017304971419364,-7.268459866703889,-2.026498987298624,-7.294873070370832
1747641557.767936230,-2.060790238580067,-7.26099654750414,-2.070913909246245,-7.285594690789132
1747641557.798904181,-2.0717143148107633,-7.259447682978113,-2.084431188613931,-7.275903348313299
1747641557.832639933,-2.0826515582628566,-7.257995210312272,-2.0958652184602435,-7.274961440719413
1747641557.856076002,-2.093557724573446,-7.256326025804993,-2.108153854544722,-7.27384746511341
1747641557.882495642,-2.115161590975953,-7.251849596840906,-2.1207923858085223,-7.273243155403076
1747641557.913496256,-2.125916589998318,-7.249387064409039,-2.1368450284930085,-7.273513347162638
1747641557.945476532,-2.136628358920537,-7.246743286706173,-2.1502931541047037,-7.271484430170588
1747641558.082911015,-2.2519940540752517,-7.213806494377919,-2.1620365781501407,-7.266470250816925
1747641558.115038872,-2.272458617590845,-7.206987095831809,-2.279262666410981,-7.232763819048846
1747641558.177854776,-2.3318463090821533,-7.180489982307272,-2.344250494522706,-7.207519810442357
1747641558.233372927,-2.380389256265666,-7.1538015707996045,-2.3967141321154437,-7.173648008133002
1747641558.299957275,-2.4556298252324287,-7.105981137587325,-2.4416718512620883,-7.143450185321908
1747641558.344684124,-2.48300898061522,-7.085592403485003,-2.49896680691537,-7.096157298376939
1747641558.423658848,-2.562539895283387,-7.0162903670669134,-2.5472778646203222,-7.066367675908792
1747641558.437820911,-2.579229191610825,-6.999571478862884,-2.577645457573033,-7.0331361864334445
1747641558.478165150,-2.5875487176504564,-6.990975282967837,-2.6158086204841124,-6.999961375042423
1747641558.531448603,-2.6290972242205215,-6.944179059043729,-2.635512519259482,-6.980352975841539
1747641558.582480431,-2.6608738279094393,-6.903726525299993,-2.672111377254156,-6.931047039488485
1747641558.635575294,-2.6905438303491924,-6.861288536871386,-2.7112357642448126,-6.869681054435959
1747641558.695465565,-2.741666807344939,-6.7793498221950355,-2.7443129771049946,-6.818854654528725
1747641558.765974283,-2.783657311539372,-6.702035319001534,-2.7808780690215977,-6.745516900479759
1747641558.818054199,-2.809246433129237,-6.647123794767744,-2.8177421294948104,-6.673203948835021
1747641558.865369797,-2.833837479885303,-6.5884418495962915,-2.8350425510653374,-6.62962859456306
1747641558.909774065,-2.8519758550889436,-6.543512099784279,-2.8676371250642725,-6.542630182476512
1747641558.966784954,-2.8801806308900275,-6.466008405454029,-2.876704824110918,-6.519388904810814
1747641559.012517929,-2.8958911213110428,-6.41683522485716,-2.9032705758670354,-6.438610707906262
1747641559.062801838,-2.91479614513788,-6.349654020734645,-2.9204798038669755,-6.3757989264930375
1747641559.124538422,-2.9348925969144446,-6.263006828734297,-2.9431552325562818,-6.2900357290960525
1747641559.166753531,-2.9481627552092724,-6.190224129232871,-2.962639109638844,-6.1950610662957635
1747641559.233642578,-2.9603620181044037,-6.097251366186664,-2.9698045031022686,-6.134480253624448
1747641559.277444601,-2.9727787773451952,-5.980478320610934,-2.974027846689651,-6.040543819257087
1747641559.336776018,-2.9790522782930493,-5.901024490227245,-2.994712354541511,-5.915777515228774
1747641559.368869066,-2.982293681061042,-5.84055461312224,-2.991036547556289,-5.834750023120451
1747641559.437101126,-2.9850671877318895,-5.715026465558143,-2.988578098455535,-5.734856015600227
1747641559.488594532,-2.9821520874797818,-5.584866507731361,-2.9957478594226976,-5.630705334137115
1747641559.543942928,-2.976775497705251,-5.495684231190833,-2.98784458503548,-5.499714843234593
1747641559.570664883,-2.9708516549866046,-5.42798030409322,-2.9812640310746104,-5.429578163094702
1747641559.615438938,-2.9568859579289724,-5.311943722702636,-2.9636787680633616,-5.320309041431993
1747641559.654743910,-2.9475466623365225,-5.2410115634148955,-2.9577088825627103,-5.256304904226254
1747641559.740527630,-2.9207613106277033,-5.043971880247924,-2.950587426383297,-5.187509697884832
1747641559.779713631,-2.91315225437504,-4.993011099189609,-2.920501056289921,-5.012804331958578
1747641559.828734875,-2.888216428308841,-4.838562903580315,-2.9008215486968094,-4.877862851464493
1747641559.865208387,-2.8695064273408364,-4.73290757004363,-2.8767865180325227,-4.745694566676592
1747641559.896170855,-2.8595367512615524,-4.679451606536752,-2.863154490380947,-4.6860272054881715
1747641559.928636074,-2.838308807610337,-4.572062945057888,-2.8532534089909896,-4.60221049817534
1747641559.977798462,-2.8118423642403805,-4.464437929536736,-2.8225309745498506,-4.499286975764782
1747641560.056128502,-2.7438981637482414,-4.241324754182954,-2.7552699858252607,-4.258253586606185
1747641560.093676329,-2.716288962046604,-4.1555484550805755,-2.7111239285732727,-4.142781403318907
1747641560.129410028,-2.6875054107570326,-4.068943085368721,-2.685846209835105,-4.0513207115067456
1747641560.173008442,-2.6573618038006668,-3.9809350451709946,-2.667533898360878,-3.986601461974179
1747641560.202509880,-2.636495682712577,-3.921753732540265,-2.6305056720109596,-3.902471068757315
1747641560.253153801,-2.577521218488868,-3.772985077895373,-2.598273704969039,-3.814154295350874
1747641560.277856350,-2.537424413724793,-3.6845696814945,-2.5415862063830494,-3.69156562579157
1747641560.318124294,-2.478578693091007,-3.5672003349209565,-2.496228379912444,-3.593863186925402
1747641560.368386269,-2.3966559666571783,-3.42221004690683,-2.4358342225176366,-3.501165931929925
1747641560.413042068,-2.3456318051743983,-3.335792613429896,-2.3655615098460974,-3.37068803469591
1747641560.459661007,-2.29401354206922,-3.250412407136143,-2.3172878848004874,-3.2811042139593978
1747641560.501674414,-2.2590789314871764,-3.193811384500054,-2.2611918879627817,-3.2004253829311278
1747641560.542408943,-2.1887167465214317,-3.0830926555588385,-2.1927398200150905,-3.084711633903553
1747641560.570197105,-2.1135365495842855,-2.9761944636190125,-2.1402665552478064,-3.006032327248341
1747641560.602744818,-2.03412956482058,-2.874381974984734,-2.0559843159486224,-2.9017317633163855
1747641560.628365517,-1.97204213603082,-2.8012989392970584,-2.0134953617973363,-2.8586854210201276
1747641560.670139074,-1.9076009498334343,-2.7305380203964082,-1.9317087175894974,-2.756517132735688
1747641560.715643167,-1.8409079450603307,-2.6623348128901223,-1.8464298348853092,-2.6630370478139236
1747641560.768336535,-1.7487354190112532,-2.5753097944281764,-1.7696271858262267,-2.5925932262537796
1747641560.805536270,-1.7019456028033988,-2.532924894657696,-1.7286263674247737,-2.554495700006009
1747641560.830935955,-1.6785203527152852,-2.5118294170299342,-1.6797409229269693,-2.511434406248589
1747641560.848544836,-1.6550937145390436,-2.4907354962932464,-1.6527236657319249,-2.4896810273838237
1747641560.873167515,-1.5843548330615722,-2.4281031934659127,-1.5627683879754415,-2.4110754542955886
1747641560.920289755,-1.4650693285601024,-2.326472920235002,-1.5128673050609924,-2.368182265041918
1747641560.979708910,-1.315119813512434,-2.214693031829497,-1.3433121381313307,-2.234995093714923
1747641561.018244982,-1.237633990545672,-2.162874611741956,-1.2411468482269399,-2.167885569193651
1747641561.052687883,-1.1586294412192812,-2.1139110687455207,-1.159842041729348,-2.1205880995058526
1747641561.078068972,-1.1051579850210673,-2.0827723242157883,-1.1041962097848779,-2.085765945332886
1747641561.123412132,-1.0512393811612697,-2.052958601709814,-1.013991374767286,-2.0391819519020395
1747641561.149650097,-0.9140616054432181,-1.9839005288783045,-0.9506638047503138,-2.0060322459040214
1747641561.184712887,-0.8583022367008435,-1.958517858765613,-0.886849235947999,-1.9760283220886141
1747641561.239951372,-0.6881078404226579,-1.8898923294027794,-0.7536415625222285,-1.9180298279076207
1747641561.258531094,-0.6881078404226579,-1.8898923294027794,-0.662385913030626,-1.8835013552412565
1747641561.299900532,-0.5727763405422582,-1.8506056910922803,-0.5799818953991707,-1.8595051243109937
1747641561.332719088,-0.45685786622928065,-1.8150150095126283,-0.4867590274835697,-1.8271702230538533
1747641561.350642681,-0.4278853143106119,-1.8061657829734343,-0.40174616018469433,-1.8009146395120845
1747641561.382511616,-0.34112308609947833,-1.7805546001583907,-0.3180436160734096,-1.7771228088313356
1747641561.418653250,-0.2535452810733916,-1.7582397706348991,-0.2625842878551117,-1.7659458109865256
1747641561.442894220,-0.13607255796674825,-1.7333300284639732,-0.21536076685537714,-1.7572511980031797
1747641561.468454838,-0.07707401699505452,-1.7228492058384504,-0.08941124522507769,-1.7314511987745873
1747641561.528217316,0.12940748747086686,-1.6964456591875694,0.05692646167494368,-1.7164038708779419
1747641561.563902140,0.18867857482357794,-1.6917706737718192,0.1491966538897122,-1.7070179284322906
1747641561.597682953,0.2770549949303366,-1.6872068615628366,0.24083516969170854,-1.702396281700014
1747641561.643595695,0.36523261746003777,-1.6854077410935848,0.32529515919790325,-1.6973224228521187
1747641561.672072411,0.4234930688086045,-1.6858199042664832,0.4182133938890634,-1.694489499410021
1747641561.708393574,0.5977943421647943,-1.6919898798293809,0.5096900167136099,-1.6974562857813527
1747641561.738517761,0.6267050245939001,-1.6940861071913522,0.5928902404052518,-1.702255236287961
1747641561.756511927,0.6844557604009964,-1.6991447167337002,0.6192183903590479,-1.7051579397414254
1747641561.778882504,0.7132918856006435,-1.702094678637019,0.7078754229201942,-1.7158814554120683
1747641561.797064781,0.7706823580978303,-1.7089655665815104,0.7568526879537167,-1.7246780808578113
1747641561.833852053,0.8563748843820924,-1.7215498014366808,0.8480009239647517,-1.738942541151176
1747641561.880180120,0.9697942183070263,-1.7423858491899002,0.9319442373684965,-1.7542539711127572
1747641561.919039488,1.0540511355429691,-1.7610110599766753,1.0266446849861182,-1.773455012776817
1747641561.988355637,1.192713084596663,-1.79784612881866,1.1397534737765262,-1.7964550758169382
1747641562.034050465,1.2748705255477741,-1.8232734056679403,1.2181659750994511,-1.8242838730464495
1747641562.060033798,1.3828038349568623,-1.8610407381448064,1.3531162062377988,-1.8683068328279788
1747641562.122360468,1.4626379503231204,-1.8922861650705922,1.4392358884247676,-1.898524407859879
1747641562.130339622,1.5413280031932393,-1.9258205046221992,1.5153658354099118,-1.9354809948603995
1747641562.166510820,1.5931642165363773,-1.9495295437464517,1.6077178646781727,-1.9808863621513064
1747641562.204999447,1.720307463014658,-2.013324704679667,1.6646653180044615,-2.0075843518388723
1747641562.244125843,1.7949501500144245,-2.054601186397251,1.7911274048571308,-2.0688493989613796
1747641562.277097225,1.8681795257931684,-2.098165451073699,1.868739780082323,-2.1144356852419812
1747641562.341490984,2.056368717382583,-2.2247677837867643,2.006983261411009,-2.207876594095334
1747641562.378786087,2.1241627483631205,-2.276050266508987,2.144491356021786,-2.3020810672937038
1747641562.408468246,2.1902682913909715,-2.329404383327212,2.1914434683198,-2.3494448915966446
1747641562.438157320,2.2119746639338684,-2.347590525183325,2.2305540971479796,-2.3850872247170565
1747641562.469692469,2.275860050486004,-2.403578891131644,2.2798199238202486,-2.4180737915626787
1747641562.509266853,2.3175023740079026,-2.4419439515891805,2.314517875438763,-2.4560275173323762
1747641562.553985596,2.378516191156374,-2.5010246519657846,2.3534915881953093,-2.4929243487400385
1747641562.569720030,2.3984136184706246,-2.5211673263310286,2.4105260741378074,-2.557574464827866
1747641562.623816252,2.476072230765513,-2.603626447078677,2.4292639122553448,-2.5890156213442372
1747641562.661856651,2.4949938031895624,-2.6247025742884316,2.505991890773502,-2.6537538934560687
1747641562.711950064,2.6038122065462592,-2.7553029589679006,2.5634310545263475,-2.7243983892899544
1747641562.770715475,2.704599350617876,-2.8924062543010476,2.659917041154767,-2.855930187864415
1747641562.830482960,2.767128865618429,-2.9871735467900784,2.738477366449033,-2.9797280544084956
1747641562.870738506,2.825799701757162,-3.0844579123773244,2.8100503860220374,-3.0943087205417186
1747641562.902507305,2.8536461318431297,-3.1339796323083755,2.856179919427377,-3.171261861625887
1747641562.936357021,2.9062922743531,-3.2346675725163627,2.8821177478787825,-3.2244312633009122
1747641563.094971180,2.9786777312671484,-3.388329337860069,2.89454239592863,-3.2459343817401134
1747641563.143622637,2.9906239831695007,-3.4139863388957163,2.985029555382935,-3.4517783722390334
1747641563.174220085,3.002436541847083,-3.4397051686662046,3.0008049287142478,-3.476628051807271
1747641563.197139978,3.0259969120250747,-3.491363595717418,3.0104002170814446,-3.5052236971011066
1747641563.237888575,3.037738212844202,-3.5173220948673194,3.0408020859846583,-3.553319751385932
1747641563.278716564,3.0609485431679766,-3.5694989014426275,3.059294434000684,-3.608337952641002
1747641563.316610336,3.072404880482142,-3.5956997465346703,3.0719965640690514,-3.6284090264001922
1747641563.373279333,3.0951517979937453,-3.648231063138951,3.0962002180003654,-3.6793560421378753
1747641563.412126780,3.117595629717863,-3.701029561931007,3.1016204567055525,-3.7099855655548133
1747641563.424993515,3.1287935695383915,-3.727649863065155,3.1192803536927256,-3.7405876486619856
1747641563.468137264,3.172880929132526,-3.8353670394676347,3.14112536413064,-3.821664344442936
1747641563.502266645,3.203757530882131,-3.917484838383694,3.1869701908296166,-3.9228363464979314
1747641563.562953711,3.2429394092543333,-4.029997134912443,3.237436557270067,-4.040246618983981
1747641563.644450188,3.3272432340674425,-4.358913927793663,3.2974786006980374,-4.260042760498174
1747641563.708634377,3.356263383472971,-4.508727777695002,3.330686708918801,-4.475535911771311
1747641563.777486801,3.396474875250757,-4.742645845620245,3.370530311549963,-4.660984282182704
1747641563.802991390,3.400106273453493,-4.770641068831909,3.384055771278846,-4.781541800095464
1747641563.819438696,3.403446005413728,-4.798672684206371,3.3915290772035984,-4.80362894731457
1747641563.849562407,3.406360824147056,-4.82675164915762,3.3938449656096403,-4.832546151529406
1747641563.862920761,3.4090370174017526,-4.854854413272306,3.4015507594885936,-4.888901618707305
1747641563.899162054,3.415080755248617,-4.939324949542321,3.3994947782759333,-4.948796606609168
1747641563.943360090,3.4184250539238907,-5.0210182493297415,3.4007788148271088,-5.027722688016081
1747641563.972440243,3.4193048056281192,-5.075131512207931,3.4019908819536453,-5.048985974551035
1747641564.006078720,3.4202151130940193,-5.129243666703075,3.4004531659816317,-5.103130279896219
1747641564.049741745,3.416743856798997,-5.2604176999177366,3.4042429697338283,-5.182477945530241
1747641564.098581076,3.413446719542207,-5.31211026275287,3.4029501420878923,-5.309351885046702
1747641564.136113644,3.4013899305852524,-5.436956916504523,3.3893530108440753,-5.415244766450614
1747641564.169347525,3.4013899305852524,-5.436956916504523,3.3879586238432666,-5.491482273424328
1747641564.198441267,3.391345268054017,-5.5104921170206325,3.3815093532442004,-5.515945094230621
1747641564.244854927,3.3797821835499873,-5.581098847721539,3.362377851420443,-5.593817714647328
1747641564.276059151,3.3710228530910173,-5.627625163401003,3.3523029108850695,-5.6483820474722775
1747641564.294949532,3.361453657272448,-5.673991705852349,3.343560087164277,-5.712339984490775
1747641564.325177431,3.351089755890181,-5.720187117230955,3.3379525290195877,-5.756926500563469
1747641564.362938166,3.3286117898089738,-5.8095046855344235,3.32804860715336,-5.797932261577415
1747641564.375912428,3.322558467435314,-5.831320002551956,3.305052475688983,-5.859984947284834
1747641564.428511143,3.295317292343227,-5.9176584688287335,3.2844891895157984,-5.926061003455363
1747641564.457652330,3.279888304103371,-5.958765679121429,3.274862832423338,-5.9680887929275785
1747641564.490052462,3.2717536775738894,-5.978910951197354,3.2535124299823184,-6.012427210675495
1747641564.507148743,3.254692685584354,-6.018870931681586,3.238162360107786,-6.049505014592787
1747641564.546914577,3.207634996856212,-6.116294388532481,3.220810118184173,-6.082677022982845
1747641564.567124367,3.1977469690407614,-6.134698250488533,3.188816202035729,-6.150702918401438
1747641564.588461876,3.187688908772332,-6.153009794288113,3.1822223739557165,-6.16011910172916
1747641564.612981796,3.1667928166402817,-6.189193020071737,3.148413592910496,-6.217375477419882
1747641564.642239094,3.1337082803447185,-6.242421502072489,3.1272457449613045,-6.25784200765346
1747641564.708367586,3.051883047456653,-6.357398662936932,3.1024649115624983,-6.294028843294628
1747641564.726416826,3.0393905697150747,-6.373158758610793,3.0331385291072723,-6.394552952015075
1747641564.747158527,3.0267737040808043,-6.388819501240324,2.997864749439995,-6.431942913758591
1747641564.786635876,2.9886105226951702,-6.433656304234159,2.977894894719026,-6.446636356444313
1747641564.830394268,2.9095446575395347,-6.51694645697716,2.9423551128854744,-6.480815352907179
1747641564.895844460,2.843466816063163,-6.578195638115844,2.855479525739308,-6.569764815111403
1747641564.931131840,2.8162642358573047,-6.601461925779918,2.814663310491133,-6.614611403277233
1747641564.966282845,2.7388010680427484,-6.66256452649734,2.743921184412495,-6.664022495642696
1747641564.985223532,2.7259138471477793,-6.672568316161011,2.726589665684066,-6.681711441565574
1747641565.046549082,2.6376430915612072,-6.735479389616871,2.6776404334283037,-6.7141446793153285
1747641565.088496208,2.6023063569992617,-6.758245306763587,2.6127014927185104,-6.756666791746256
1747641565.142827511,2.579371545276056,-6.774352585332407,2.5748478966679222,-6.784538351779684
1747641565.184606552,2.5240449930501043,-6.8124719695397555,2.5339665563378877,-6.8148128611804175
1747641565.258213282,2.476709536389101,-6.837373659691106,2.4981952791423354,-6.832091962118946
1747641565.304336309,2.415662112038183,-6.8646723978626,2.414424025248642,-6.870911109216863
1747641565.341002703,2.3784181066769206,-6.879257720987056,2.375000003086065,-6.886915824610529
1747641565.382345676,2.3163791888959007,-6.900519737960023,2.3369117523234033,-6.904874206751165
1747641565.426261425,2.2912411294217945,-6.908029984374152,2.2951240188636044,-6.913795512680512
1747641565.458411455,2.253226667639421,-6.918203326327843,2.2613275161309105,-6.919943042290938
1747641565.481350899,2.2404963631455193,-6.921369164574293,2.243450364136224,-6.926622703150238
1747641565.504617691,2.214914655227657,-6.927191714097989,2.2255357494203762,-6.941555444084122
1747641565.545791388,2.176109512886286,-6.934854945180264,2.164136035131407,-6.956013124379294
1747641565.582356215,2.1488883098192013,-6.939491619915245,2.163402088670066,-6.948805941095205
1747641565.628950834,2.1208665820006365,-6.944273849956267,2.1117610990340765,-6.958979474855257
1747641565.665998697,2.092377462191022,-6.949037289117826,2.0803282419326763,-6.966096295919899
1747641565.697377205,2.0779984416735138,-6.951243327236874,2.052128641482222,-6.968861677811683
1747641565.730129957,2.0345432978759703,-6.957333152636885,2.0418055174613414,-6.971739799701569
1747641565.763451338,2.019968991206416,-6.959061592181684,2.02164278591451,-6.974875209742941
1747641565.808718681,1.9591944266881922,-6.96509622154031,1.980586434889644,-6.983268643755849
1747641565.835124016,1.943067509187552,-6.966387020634417,1.9427354566021455,-6.9857700225002475
1747641565.885426998,1.8935212064517173,-6.969272690396867,1.9184134996469688,-6.983460457168119
1747641565.917582512,1.8599324171807676,-6.970439217597767,1.8660137632904128,-6.98726238838509
1747641565.946530342,1.8430474206558098,-6.970882812632624,1.847993876250551,-6.989207657863783
1747641565.996333599,1.8091691021719394,-6.971674897067817,1.8183019743786433,-6.980258694736531
1747641566.046598673,1.757973507347235,-6.972888493113747,1.745379824969683,-6.982277665892739
1747641566.081402540,1.7223942204843976,-6.973301252986198,1.7177681333243706,-6.986425662358601
1747641566.111542702,1.6858829889395495,-6.973288600822767,1.693185685179699,-6.98588391531937
1747641566.132959127,1.6302206875997602,-6.972343316323101,1.637114761194386,-6.985844325526351
1747641566.168920040,1.5928184144942743,-6.971121894398483,1.5638386677110605,-6.985872271667616
1747641566.204639673,1.5347892890619548,-6.968325201304483,1.5005415500950992,-6.983223709141587
1747641566.230513334,1.4746221245329403,-6.964140146792141,1.4579465097354571,-6.9793550811263385
1747641566.258573771,1.4135109499867395,-6.960051045172075,1.3977827417095727,-6.97572798127067
1747641566.303074360,1.3296096306909557,-6.954726466041021,1.3098186539424757,-6.9649940597198
1747641566.343235016,1.2638943994347116,-6.950138426966549,1.2694364484007703,-6.960078359413374
1747641566.369522572,1.2195180361721443,-6.946742303932789,1.1906819570620226,-6.958816345723176
1747641566.401059866,1.1749128571847052,-6.943238524158182,1.1632074880504968,-6.956103536387499
1747641566.437715769,1.1292985282287045,-6.940573909914348,1.094376963583721,-6.950092560794982
1747641566.475154877,1.0824185603075667,-6.938336828263045,1.0736617279271825,-6.94933637655934
1747641566.508718252,1.0586863777192286,-6.937376597499486,1.0273840392561577,-6.946120117012364
1747641566.540615082,0.9868303003139305,-6.934761400040741,0.972325203776253,-6.944104830077634
1747641566.580293655,0.9625521491684398,-6.934070573620622,0.9512588083076019,-6.9414021201108955
1747641566.597256899,0.9379085714297568,-6.933368272062309,0.9221371092204282,-6.943312272114996
1747641566.629252911,0.862576680775174,-6.931781033649109,0.9016369947065532,-6.9481215967164776
1747641566.679676771,0.7605317352768516,-6.930606098338335,0.7396520967928707,-6.935448823489615
1747641566.701305151,0.7348915712939823,-6.930459175856764,0.7028161340114321,-6.941041150910591
1747641566.731245756,0.6836335759132487,-6.930478431874776,0.6732226734218378,-6.9384772136586905
1747641566.771796227,0.6323948206285289,-6.930809649863981,0.6221544104396523,-6.933820626105347
1747641566.801408291,0.5811781144961677,-6.932246036239579,0.572264613555707,-6.933275492261038
1747641566.844806671,0.5309997397205002,-6.935027260418871,0.5486964998027933,-6.93870103907459
1747641566.878656149,0.48122094102141777,-6.93888974015219,0.48667388487033025,-6.93760382602321
1747641566.906964302,0.4315262358941023,-6.943716520306023,0.41936911166847085,-6.948830295689071
1747641566.958391190,0.35737443275307196,-6.952597820283471,0.3466273132421765,-6.955058170481748
1747641566.982435942,0.30878780769410236,-6.959592178448753,0.33208764417353803,-6.959158955778772
1747641567.022518635,0.26033490357855793,-6.967459732924579,0.2805585259893705,-6.970491119767462
1747641567.053556681,0.212003912403355,-6.976045908198153,0.23128403256465313,-6.9768440104972065
1747641567.078514338,0.18780432316941523,-6.980142488868986,0.17841486181285648,-6.984237789341406
1747641567.101564884,0.16374051122665134,-6.9842696350139395,0.1477517975691572,-6.994176707646736
1747641567.134482861,0.11586106789434994,-6.992446632831203,0.10993303976805123,-6.998321524089326
1747641567.164539337,0.06801655411656041,-7.00082524720557,0.08471290322270693,-6.999333252301415
1747641567.191171646,0.04410326820899031,-7.005066079850758,0.04077991610458743,-7.010096194963828
1747641567.221290827,-0.00362538239906628,-7.013819218529985,-0.009384287158166181,-7.020964691943574
1747641567.257907391,-0.027391572552502602,-7.018327903411607,-0.058679756288895095,-7.032495999389118
1747641567.300696373,-0.1695666657463845,-7.046531485980823,-0.15424405273535124,-7.059171640576201
1747641567.355364561,-0.26269026446841093,-7.066395929845763,-0.21364034553045663,-7.070779479710585
1747641567.380008936,-0.28594309926472,-7.071492949749823,-0.2885278487474294,-7.085166730541898
1747641567.402311563,-0.33238596919311186,-7.081969333831166,-0.33800580193925156,-7.103919041954969
1747641567.440095901,-0.42619231088818643,-7.10397719608845,-0.40029644747797616,-7.113384135536603
1747641567.468658686,-0.47348920048994536,-7.115494804500611,-0.4740953848451354,-7.131655821169747
1747641567.495557547,-0.5208645538186408,-7.127318882756685,-0.5244522095775607,-7.147060241181804
1747641567.515949011,-0.5444347491838422,-7.133354895673267,-0.5503031773079431,-7.150404958052399
1747641567.540378332,-0.5913342028053347,-7.145487728899806,-0.6018779685974173,-7.16644550518507
1747641567.570879459,-0.6383535463628051,-7.157142497211417,-0.6640447577521305,-7.17796710921653
1747641567.608026743,-0.7091686309912677,-7.1734333761645175,-0.7112107055878346,-7.19327646965635
1747641567.639595747,-0.732042430870243,-7.178426961695602,-0.7616877432188445,-7.1997741920628675
1747641567.659847021,-0.7983279708492067,-7.192733524545174,-0.8273452991745726,-7.219906792854886
1747641567.702706575,-0.8647772832339333,-7.206260244451978,-0.8730413339829034,-7.224945499204996
1747641567.740921259,-0.9305997804995086,-7.219175098890404,-0.9323323750187643,-7.235880019380076
1747641567.757480621,-0.9721552696007676,-7.22691868406813,-0.9834298496242353,-7.241824991755712
1747641567.785282612,-1.0137462642295647,-7.234469238064221,-1.0132690792250039,-7.248173006337902
1747641567.822248936,-1.0762091222162704,-7.245364681012483,-1.0767868144593336,-7.258599757201482
1747641567.852034569,-1.1387389675875568,-7.2558688926189285,-1.1642666254951464,-7.271293178012885
1747641567.879934788,-1.1981049594548023,-7.2653608037813795,-1.197530141198502,-7.274633811203312
1747641567.909003973,-1.2568862380038666,-7.2743416258570806,-1.2755535497656088,-7.283971652284495
1747641567.940375566,-1.3151387647723602,-7.282696375372398,-1.3159993645661323,-7.28808064373017
1747641568.103147745,-1.583230849926834,-7.311813686614827,-1.3603607456516058,-7.2997878187397545
1747641568.160740137,-1.600405078126564,-7.312629828940309,-1.6079124972673293,-7.328466135563536
1747641568.199687481,-1.617587397582692,-7.313252100009736,-1.6338860167682472,-7.32813080563096
1747641568.248225451,-1.6492660548049674,-7.314142232581533,-1.665279391047269,-7.324870971678303
1747641568.293226480,-1.6954546961047277,-7.31473609878728,-1.6957427109174892,-7.323727111701268
1747641568.319633961,-1.7108523353183067,-7.314712425399579,-1.7301566453643813,-7.320647564194179
1747641568.372939348,-1.741646432051858,-7.314495174771348,-1.7771588082269745,-7.3211752805064885
1747641568.382929802,-1.7724362094665926,-7.313935623014971,-1.7879097460643556,-7.328848405601174
1747641568.414945364,-1.7878295507711286,-7.313570059371823,-1.813005314814529,-7.33647443461741
1747641568.436264038,-1.8298717808998217,-7.311703291489167,-1.8273320172912861,-7.333507591268818
1747641568.448914289,-1.8298717808998217,-7.311703291489167,-1.8483074023076655,-7.33034936160223
1747641568.478982210,-1.8551036787695365,-7.30944920649989,-1.872734008627169,-7.326888332563474
1747641568.530320644,-1.9056202527358976,-7.305579692254736,-1.8899093108355345,-7.324853670896117
1747641568.554455042,-1.9056202527358976,-7.305579692254736,-1.9244897199139543,-7.325798157537598
1747641568.576740026,-1.943470521655942,-7.302226498262917,-1.9542288938917107,-7.324728489596065
1747641568.603874445,-1.9686742895165326,-7.299674701083669,-1.9924913724508813,-7.321444073784327
1747641568.628937721,-1.993043788035509,-7.297016614056366,-2.0084391818752616,-7.322910238536803
1747641568.670259476,-2.0365825915225613,-7.289824381147754,-2.032793410485625,-7.317443465615517
1747641568.694359064,-2.0474586947357043,-7.287968384223766,-2.0542539963810604,-7.3105712433243
1747641568.719593287,-2.0583827409124207,-7.286421198645245,-2.0701325960761277,-7.302399013433984
1747641568.741129875,-2.0693414245604456,-7.2851426403953585,-2.092665157230169,-7.300676171568757
1747641568.770091534,-2.1019587379173013,-7.279616414053681,-2.1074410274552413,-7.30210883621096
1747641568.805746794,-2.123348118141526,-7.2741943615286475,-2.119639927875584,-7.298564797094554
1747641568.842944145,-2.165730462877824,-7.261895224605321,-2.175297179778039,-7.288175295456313
1747641568.856006861,-2.17611824368544,-7.25856294668881,-2.173788840268414,-7.293582321532075
1747641568.873578548,-2.186388980671548,-7.255270771200977,-2.1885349326836945,-7.282252580811311
1747641568.895757914,-2.1965970231265386,-7.251789385629182,-2.214024026796397,-7.27480277561058
1747641568.932585955,-2.227081450390235,-7.240947117609832,-2.2307318789328714,-7.2698281137505525
1747641568.970124006,-2.2371538672609583,-7.2370908348177005,-2.2433320185750585,-7.265349245393719
1747641569.000048399,-2.2574338025540426,-7.229742326913882,-2.26146318259684,-7.2631035074905546
1747641569.036508560,-2.2774917896266316,-7.221813873797103,-2.295171211023864,-7.23840759051643
1747641569.060449362,-2.287443910886151,-7.217656731677668,-2.3099368015718955,-7.234788553080248
1747641569.086193085,-2.3069328738443207,-7.208419951494997,-2.327661748960736,-7.22645125885098
1747641569.113945484,-2.3165617713399373,-7.203560891297285,-2.3441455211570914,-7.218250044401765
1747641569.153002501,-2.3453080300071143,-7.187918149182654,-2.3506803678766106,-7.212965777517963
1747641569.188113689,-2.3646936585935507,-7.1773338839341205,-2.3770908408288745,-7.197820845862608
1747641569.239851952,-2.393739466660013,-7.161014954395924,-2.409531319272298,-7.192489420187637
1747641569.288552284,-2.422149856772636,-7.143431066206413,-2.4324207479103954,-7.17431505002605
1747641569.316894770,-2.431388850706101,-7.137184193459397,-2.4421887488231198,-7.166789457898216
1747641569.348261118,-2.4495689931102507,-7.124244499725761,-2.4665009833532716,-7.140468647777073
1747641569.384344578,-2.4674960627829376,-7.110804403067038,-2.483970364621038,-7.141068051210436
1747641569.418071508,-2.4854774622958846,-7.096638771804129,-2.503049758559756,-7.123739291552834
1747641569.452483416,-2.503361461482953,-7.081819665429714,-2.5095609418199,-7.112855850986416
1747641569.478783131,-2.5121931543342972,-7.074161074926904,-2.5275247051486853,-7.095358297713311
1747641569.502902746,-2.521010638902591,-7.06643339252972,-2.5355631447849416,-7.082320685049128
1747641569.533204556,-2.5383426236836497,-7.050533477989616,-2.5653498893350575,-7.057662915760394
1747641569.559823036,-2.555306558804951,-7.034155514541082,-2.5729766646759287,-7.050497783206636
1747641569.598537683,-2.5799605627694606,-7.008716028097303,-2.599839372192716,-7.026550421872263
1747641569.629743814,-2.595976915269417,-6.991135785000611,-2.623586200877013,-6.991704515992526
1747641569.657440186,-2.6120965569764807,-6.972510948147587,-2.6384632596855773,-6.97054020156369
1747641569.685688972,-2.628099487608719,-6.953020926724129,-2.652830151282417,-6.964706016431569
1747641569.713064909,-2.6437741104851473,-6.932846603737647,-2.6679116129181413,-6.947772832385357
1747641569.739474058,-2.659505668828876,-6.912480101528924,-2.6859667103375,-6.913851228362724
1747641569.772828102,-2.675120329699674,-6.89189243617436,-2.6932091654097428,-6.898155690822365
1747641569.800763607,-2.682756869776189,-6.881441639510208,-2.7054886566730354,-6.873252577618282
1747641569.836991072,-2.7211676887663447,-6.825593069629616,-2.721227240241759,-6.850609348662235
1747641569.887904167,-2.7365245564003176,-6.80129259317137,-2.742262835540225,-6.826947425420816
1747641569.921087503,-2.75877422762951,-6.763563069711429,-2.748162612429176,-6.8074689291042
1747641569.974755764,-2.772971166366265,-6.73777831459425,-2.770416447960707,-6.770908759406342
1747641570.029688358,-2.7865706570456052,-6.711567742239224,-2.797394972316395,-6.715032377890033
1747641570.068427563,-2.7995383107213376,-6.684980140595491,-2.8128827349469527,-6.694363369717057
1747641570.095807791,-2.830609691782749,-6.614028715445591,-2.8269278062697016,-6.654659430043042
1747641570.120465755,-2.8368943740004307,-6.599338376251362,-2.855193704555391,-6.608718432379718
1747641570.155212641,-2.8492610376198906,-6.569641726276531,-2.867172474986378,-6.572127582834291
1747641570.193297863,-2.866945763868378,-6.524418665464071,-2.876722273414693,-6.536772568726822
1747641570.229005575,-2.8835234974963386,-6.478419529432326,-2.8958939577251592,-6.476754165887893
1747641570.252179384,-2.8941543377251295,-6.446497642305484,-2.9084563905389675,-6.446658563084567
1747641570.278481245,-2.9043558576271353,-6.413729305722119,-2.9159390865256016,-6.414325413671371
1747641570.317923069,-2.9140000618879163,-6.380397744738343,-2.929403823057581,-6.379114370091167
1747641570.353185654,-2.92722704590909,-6.329678932433898,-2.9349117873733097,-6.328601597609854
1747641570.381366253,-2.931385254725816,-6.312494871125978,-2.940464935579773,-6.301609364060684
1747641570.401934147,-2.9353622780212016,-6.294976573118843,-2.9468265466096883,-6.284120345576443
1747641570.436078072,-2.946548019196105,-6.241158083294561,-2.959763190321542,-6.23222202653507
1747641570.464093685,-2.9498818598301764,-6.222913577735611,-2.9650169653596095,-6.188466384212367
1747641570.504073381,-2.958895320908483,-6.167665253199353,-2.977162611835043,-6.150329166922461
1747641570.528516769,-2.966016347998929,-6.111868858219621,-2.974894312683816,-6.11060000099797
1747641570.555954456,-2.969825344756845,-6.073923658344964,-2.974467710952863,-6.070948778733535
1747641570.579585791,-2.973563456173629,-6.035128118892048,-2.98432999618244,-6.017272585279783
1747641570.628636360,-2.980618476555572,-5.9562848194091345,-2.990635758918082,-5.960610454994406
1747641570.652804613,-2.984618981720034,-5.8964366915353175,-2.997898772311624,-5.898552853020413
1747641570.684764147,-2.9866694489107672,-5.855452140354182,-2.9958262487625706,-5.85531693777426
1747641570.721029997,-2.9887378246470915,-5.7927859548383465,-2.998023010648025,-5.792157686792961
1747641570.757561684,-2.9893342477221605,-5.750597858708641,-2.995516507361377,-5.732823845832176
1747641570.793896437,-2.9886174959336222,-5.66522825357385,-2.9960018493443332,-5.649597944377431
1747641570.829111814,-2.9872750409844526,-5.621334482547277,-2.992650640955651,-5.6022643771286385
1747641570.846494198,-2.983926997203732,-5.554683568008512,-2.993640506633518,-5.583623597298071
1747641570.890031815,-2.9790484525428393,-5.487478863848027,-2.9905299935997616,-5.52086391541407
1747641570.928398609,-2.976989718652573,-5.4646806854594425,-2.9860120869956037,-5.469067825456413
1747641570.959907532,-2.972344955121181,-5.418526375469092,-2.97783074241076,-5.43167659100593
1747641570.996453524,-2.9669051984962262,-5.371949202685418,-2.9727351211354183,-5.38037160215671
1747641571.026862144,-2.9606684879183156,-5.325184701717593,-2.965065191026459,-5.307995149253893
1747641571.076885462,-2.9512281418420256,-5.254180819414228,-2.9604554046612233,-5.254954478807537
1747641571.110317707,-2.9481296611145487,-5.230024136840969,-2.9546071035992223,-5.207867486985549
1747641571.129523277,-2.938334250722091,-5.156775272606585,-2.9429485473386063,-5.155107799084515
1747641571.151792288,-2.9314791190370504,-5.1075848015479,-2.943487731422283,-5.102575246767157
1747641571.194938421,-2.9242549584034716,-5.0577211163797156,-2.934003641833491,-5.0529608281166585
1747641571.228152514,-2.9086038267068104,-4.955873683171681,-2.9244624533140686,-5.005721314384119
1747641571.248527050,-2.9045060694250733,-4.93019815649286,-2.9145259140382422,-4.922925613973375
1747641571.293155432,-2.8914588881524885,-4.8524681798038465,-2.9040522788536336,-4.881472024458549
1747641571.330475569,-2.8822105052215283,-4.799623879206114,-2.8847952033957553,-4.783441600965526
1747641571.366117477,-2.86251031726225,-4.692860334221493,-2.8752614105685974,-4.745223539134344
1747641571.396127462,-2.857388337527399,-4.666055192655035,-2.8626543560508564,-4.649134159802748
1747641571.436274529,-2.8467803051332554,-4.612363678974673,-2.849676995584169,-4.592329407749134
1747641571.486534357,-2.8184525369432265,-4.477795711213237,-2.827909671217894,-4.51266153242721
1747641571.535333872,-2.7898773140751514,-4.366800354630011,-2.803911915641334,-4.399963565673804
1747641571.567161798,-2.7647107576875776,-4.282530854220861,-2.7688891222076735,-4.280336629843809
1747641571.599835873,-2.736455849179237,-4.197167481226987,-2.7397290269265535,-4.202297113143103
1747641571.642910480,-2.7058641901232274,-4.111268615218709,-2.710966795285783,-4.1131581560094785
1747641571.680528879,-2.6744106940806582,-4.023755693405606,-2.679073058058917,-4.0269850833845116
1747641571.716571569,-2.6419463268151517,-3.9354806031034673,-2.635719067627196,-3.9113279339490528
1747641571.741526127,-2.6308382020054983,-3.9060374490837573,-2.626430542101134,-3.8847189450485886
1747641571.773966074,-2.59683141040121,-3.817346254083084,-2.612415400630454,-3.8622825114455046
1747641571.800840855,-2.5725760676455582,-3.7579948700934915,-2.5794888139724765,-3.7713281975965076
1747641571.861728430,-2.532946542020318,-3.6693057497667096,-2.5255684495425026,-3.652860563227712
1747641571.906300068,-2.4895985596657835,-3.5808269157034065,-2.474747762236476,-3.5635775935427128
1747641571.934650898,-2.4588565275704766,-3.522254841428629,-2.4632420681222644,-3.5353390954039026
1747641571.973804235,-2.442907087438955,-3.4929997358007303,-2.4296167543203615,-3.481977594313891
1747641572.011076927,-2.3926165294767308,-3.4058292355713005,-2.3966991082663016,-3.4195147761022096
1747641572.060813427,-2.3232859504713814,-3.2915252221577305,-2.3483828683546792,-3.333972451224259
1747641572.103706837,-2.2707216237009877,-3.206724173962566,-2.2772028009907848,-3.2213702283278005
1747641572.146592140,-2.1997563134477085,-3.095763653754592,-2.2447295404440886,-3.171224429445879
1747641572.178958893,-2.1631259661996074,-3.041512635732164,-2.1903730090606506,-3.0787551472147245
1747641572.216928720,-2.125143177958533,-2.988474791105418,-2.1469165469746616,-3.0195301907548515
1747641572.248636007,-2.0862655855322654,-2.9369306345012163,-2.104832581319883,-2.966535709967196
1747641572.275553465,-2.06638964248664,-2.911492992381458,-2.064460432394275,-2.9089903829273833
1747641572.296409845,-2.046146482601526,-2.8863466229281856,-2.0248419425004687,-2.8631690963275744
1747641572.332793951,-1.9839177152003682,-2.812392138907486,-1.9877799633925348,-2.8151023387835243
1747641572.363682032,-1.941390022772922,-2.764824366214451,-1.9150402634787616,-2.743085963692343
1747641572.405498028,-1.8977606710987587,-2.718264928772766,-1.87330941678844,-2.701283104494498
1747641572.423732996,-1.8755866911903707,-2.6954729280602123,-1.830228208190917,-2.6490623647964155
1747641572.446646690,-1.8306677217328433,-2.650750600307243,-1.8054083947997686,-2.6254373046354194
1747641572.504170179,-1.7172330619671687,-2.540702693309724,-1.7624596165791424,-2.588279117112379
1747641572.532774687,-1.6715568202183178,-2.4972436885651184,-1.6991524434599976,-2.5179796355353634
1747641572.594031334,-1.5782231018623833,-2.4126127053904116,-1.622672122797262,-2.4552124724445497
1747641572.633655787,-1.505722674740203,-2.352737275442005,-1.5291339951385923,-2.3710487377819267
1747641572.681463003,-1.431452679326083,-2.2955157069767385,-1.4595584070831398,-2.3132794909442853
1747641572.715905428,-1.3810026584656283,-2.258920203365743,-1.4103720765538144,-2.2765945776989414
1747641572.773283958,-1.27777246368308,-2.1892279528180305,-1.3332029669597125,-2.2234672337585857
1747641572.852801323,-1.172050813190803,-2.1245709109189446,-1.2281845197267893,-2.161745912144403
1747641572.892821550,-1.1182131612679298,-2.094067737447234,-1.141090425964933,-2.110451696984655
1747641572.947423697,-0.9538716723976285,-2.00949909434604,-1.0393421487537233,-2.0592180950307095
1747641573.093292952,-0.7020254115131499,-1.898048609290622,-0.9057417041285805,-1.9876878970880785
1747641573.128539801,-0.6734912856215602,-1.887384182092086,-0.71757246606332,-1.908248212169398
1747641573.176350117,-0.5583623145428047,-1.847771426303944,-0.6241636957934903,-1.8710599318448555
1747641573.197394609,-0.4421705363267518,-1.8134152039284375,-0.4975679865405177,-1.8361154937153545
1747641573.248641968,-0.383832117109045,-1.7973716592752873,-0.3879750452031853,-1.8001974882655418
1747641573.282369614,-0.26749918160254177,-1.765924612825384,-0.30488169285072086,-1.7818230573768812
1747641573.313730955,-0.17984092235658666,-1.7449763705480514,-0.1983966850866111,-1.7549591740594528
1747641573.366509914,-0.03260075266125177,-1.7174560650509085,-0.05244222484442599,-1.724264399240086
1747641573.435924053,0.17407682534368882,-1.6926345886171783,0.13559272609890394,-1.704199133658591
1747641573.472330570,0.29180604931419835,-1.6855295963331574,0.26833835613742796,-1.7029957263864943
1747641573.506755590,0.3799800017773215,-1.6835623322823463,0.3675867810980644,-1.6956031374309857
1747641573.555608511,0.49648315186715336,-1.6852471151829758,0.49144345237023385,-1.6972386509458879
1747641573.586101294,0.5836874560574128,-1.6897016424637328,0.5766637770142596,-1.7017662411727492
1747641573.614974022,0.6414845300865776,-1.6942121618955521,0.6617082267179488,-1.7098740119318234
1747641573.666882277,0.7852779782146633,-1.7107792099185761,0.7573587637579295,-1.721191760858067
1747641573.695396423,0.7852779782146633,-1.7107792099185761,0.8468482352707641,-1.7386448184641519
1747641573.748034477,0.9275781916276106,-1.734653139176234,0.8993096628121512,-1.7432969736246482
1747641573.817273617,1.0958454968854352,-1.7729140310379565,1.047118018278039,-1.7792579323811137
1747641573.861784935,1.206337193689177,-1.804110244851741,1.1721335858084225,-1.8115555903898832
1747641573.920301914,1.3153104761123433,-1.839794168562206,1.3085816265539791,-1.8530956828154737
1747641573.955156565,1.3690966264061,-1.8592615019906744,1.359954681269802,-1.8708177441279337
1747641573.983478069,1.4489172388271672,-1.8905413454724953,1.4407676323673027,-1.903188844232366
1747641574.025190115,1.4752911702167368,-1.9014458690388831,1.5163435492337545,-1.9379304173711929
1747641574.052942514,1.6051239312943861,-1.9601516630165225,1.6195418995183315,-1.9873177734126068
1747641574.084392786,1.65616486644558,-1.9854492138214124,1.6465240739249445,-2.004112631959225
1747641574.128699303,1.7564638322656536,-2.039049108707611,1.7513641429419562,-2.0556818687742777
1747641574.174197197,1.8544173880035502,-2.096652005651268,1.8248452598109197,-2.0969504117519415
1747641574.218765259,1.9024303685562831,-2.1269022296744873,1.8983329945189396,-2.1436985401115467
1747641574.259863615,1.9732805772282136,-2.174048979578996,1.990641160188448,-2.2053162130942745
1747641574.286503315,2.0425394523580485,-2.223354051988117,2.0415036986403363,-2.238775576289046
1747641574.325366020,2.087879997949301,-2.257363949768446,2.083911346616807,-2.272691045408947
1747641574.366912365,2.1545562737621347,-2.3100207945562024,2.1839302698444865,-2.340406929074883
1747641574.403653145,2.240860359572032,-2.383373013543511,2.216005380107689,-2.377694703504745
1747641574.467122793,2.2828722340587593,-2.421339263763731,2.2548479684000955,-2.4145425801438822
1747641574.505772829,2.3645401050238686,-2.4997820378049718,2.365911480943479,-2.512961393451047
1747641574.533277988,2.3844254154463838,-2.5199339192949384,2.397838272674625,-2.557798621299323
1747641574.572728395,2.423643575319921,-2.560784010915022,2.4359616137846003,-2.5905124198380114
1747641574.611316681,2.480943227970146,-2.6235130068277672,2.4939203667308134,-2.655814955831944
1747641574.645354986,2.5362633306164546,-2.6880252547533154,2.5227909892879716,-2.705322622621334
1747641574.669071913,2.554314573064556,-2.709872197895836,2.5630586889395164,-2.7422206692051327
1747641574.707801819,2.589690734093216,-2.7541689544748174,2.5953315125870082,-2.7929709052265426
1747641574.750070810,2.641032707162681,-2.8219747266087283,2.6247492157709105,-2.8194874853391414
1747641574.774920464,2.657737927377434,-2.8448971409059496,2.6305105854256885,-2.8363698882624955
1747641574.816385984,2.6903899471770387,-2.8913057333162873,2.641629284461991,-2.859187080638741
1747641574.888383627,2.7375668232799426,-2.9621785261453915,2.717390589222638,-2.973687911927779
1747641574.933823347,2.7971533443077488,-3.058866393272367,2.7955758054567843,-3.0927588589178705
1747641575.009461641,2.891888712033364,-3.2336465720304264,2.8349915623443316,-3.169306938917238
1747641575.064655304,2.9541736900236844,-3.361003351089315,2.915264107001187,-3.3251339550287478
1747641575.104569435,2.9910226163837628,-3.437547055890611,2.977705216871118,-3.448185852295681
1747641575.135489225,3.0394184763497343,-3.5407922309728104,3.0171984681254664,-3.5210685969739446
1747641575.164746523,3.051380998803211,-3.5667658783716614,3.037985842989541,-3.5762725353170324
1747641575.202987194,3.086764483124845,-3.6453600335966425,3.0734034874501748,-3.657185267591206
1747641575.231947660,3.110046053369918,-3.6985336540726457,3.0968428060965034,-3.7101537167577514
1747641575.274460316,3.1318820276646306,-3.7526030851211702,3.133148242393711,-3.7926931988215555
1747641575.295725107,3.1623028775675865,-3.835039319956536,3.164108669439477,-3.846430938438929
1747641575.340925932,3.2084810177974354,-3.977739237691192,3.189861102598619,-3.9608595232334696
1747641575.367326260,3.226476038755524,-4.036000432168715,3.213592375239472,-4.047352360006321
1747641575.398733377,3.244448938087341,-4.094904929271148,3.2313994163142485,-4.0950588590525046
1747641575.434973955,3.270975996989073,-4.184013084423209,3.2592252000858504,-4.182784129491079
1747641575.451238155,3.2881973047590014,-4.2437822956115445,3.2781158001498634,-4.240460719061248
1747641575.480559111,3.2966202396990183,-4.273759381803224,3.2890606857701914,-4.296281871557708
1747641575.501567602,3.3050193912744517,-4.303760705859766,3.2960768685817605,-4.331382351775178
1747641575.519006014,3.3206238461708093,-4.364117648727585,3.31532144431737,-4.3928053932818125
1747641575.552021742,3.3406330316252055,-4.453797173780573,3.326291983970394,-4.451499073293074
1747641575.576647997,3.346495656753804,-4.48374851154207,3.33180381099477,-4.482131802543743
1747641575.605131865,3.357271584421677,-4.543827739148132,3.3404565662122456,-4.544872428816398
1747641575.630312920,3.3664396480984022,-4.602457589406166,3.346643001478713,-4.5787802135204325
1747641575.661676407,3.3741391990576255,-4.660728545490285,3.361186508558116,-4.6661616027722035
1747641575.677370548,3.3775362205660424,-4.6899210565742315,3.360074299700214,-4.697248856333884
1747641575.698215723,3.380529596240626,-4.719157693191601,3.3678871989526136,-4.755597957278403
1747641575.728825331,3.385602532020859,-4.777133795417616,3.3747093270860304,-4.814701914020431
1747641575.752184868,3.390776371738186,-4.86166130901697,3.3767890698664966,-4.861295416329435
1747641575.784856081,3.393543203533316,-4.946305771485994,3.3817934129302176,-4.950969545805249
1747641575.803484917,3.3944915066675474,-4.974519856481382,3.381244014993361,-4.997523335520061
1747641575.833376408,3.396736645364066,-5.056253256968208,3.3802369578696445,-5.070614009427897
1747641575.851391077,3.3965450308277956,-5.110372348044278,3.3800666685782326,-5.144666937665565
1747641575.885650635,3.3938699602753895,-5.190924523582565,3.3870435499193348,-5.195934417423071
1747641575.912548542,3.388996594011243,-5.268466279849343,3.3809461786777177,-5.27482739428886
1747641575.939515829,3.384380698252505,-5.320058615429743,3.3774090181721186,-5.331635500461695
1747641575.968646288,3.381713971731559,-5.345237234870982,3.367646572077039,-5.3800623103443606
1747641576.009800673,3.375929446388156,-5.394376827630174,3.36416932311191,-5.399003265768598
1747641576.041120529,3.3654543574060036,-5.467851833924711,3.3577535552346562,-5.473660466927934
1747641576.071796894,3.352870869475364,-5.540995482397643,3.344994498856433,-5.52383904372077
1747641576.093013287,3.348408063418715,-5.5647864743049205,3.325803166880123,-5.5929326196312035
1747641576.121696949,3.343717612668644,-5.587989034004965,3.3254665805300045,-5.627808876316988
1747641576.162806749,3.3230376910545916,-5.680385234951081,3.314733504292607,-5.672647938823636
1747641576.187443495,3.311495741886902,-5.726299739367605,3.293239155997258,-5.767165839116871
1747641576.219676733,3.286808606515514,-5.815031168115897,3.275566270847293,-5.8297801741055535
1747641576.240889788,3.2735217045651424,-5.858316086835373,3.2563068085692053,-5.8884812615774695
1747641576.268494844,3.2595020853213326,-5.901369329917791,3.240453430093412,-5.934518927692777
1747641576.292395115,3.244758275865182,-5.943694360487313,3.2312514541413626,-5.9732388487478465
1747641576.333536625,3.2200404361268444,-6.003995355952718,3.2241832603347667,-5.989077779788416
1747641576.378876448,3.202054041523176,-6.04354743597575,3.1884296111519546,-6.071094459950351
1747641576.397278786,3.1829970270137786,-6.082595113294301,3.1569867285285027,-6.123800718128601
1747641576.439503670,3.1534791622364717,-6.138352303732178,3.148519051503779,-6.145464362553046
1747641576.468874454,3.132685287407064,-6.174594366454547,3.117794536476737,-6.198222787448217
1747641576.513591290,3.0883741132855307,-6.245438637965072,3.0855229365424477,-6.262718944176752
